measured_at,sensor_id,message_id,cumlative_kwh,instant_watt,instant_ampere_R,instant_ampere_T
2022-09-13T01:00:00+09:00,smartmeter,,1874.42,,,
2022-09-13T01:21:00+09:00,smartmeter,,,,7.2,4.1
2022-09-13T01:21:00+09:00,smartmeter,,,,11.8,4.1
2022-09-13T01:22:00+09:00,smartmeter,,,,4.7,4.1
2022-09-13T01:23:00+09:00,smartmeter,,,,3.4,3.0
2022-09-13T01:24:00+09:00,smartmeter,,,,7.2,2.9
2022-09-13T01:25:00+09:00,smartmeter,,,,3.4,2.9
2022-09-13T01:26:00+09:00,smartmeter,,,,3.4,3.0
2022-09-13T01:26:00+09:00,smartmeter,,,,4.4,3.9
2022-09-13T01:27:00+09:00,smartmeter,,,,7.7,4.0
2022-09-13T01:28:00+09:00,smartmeter,,,1544.0,,
2022-09-13T01:29:00+09:00,smartmeter,,,,6.9,4.1
2022-09-13T01:29:00+09:00,smartmeter,,,1052.0,,
2022-09-13T01:30:00+09:00,smartmeter,,,,6.8,4.2
2022-09-13T01:30:00+09:00,smartmeter,,1874.95,,,
2022-09-13T01:31:00+09:00,smartmeter,,,,9.9,4.3
2022-09-13T01:32:00+09:00,smartmeter,,,,7.1,4.3
2022-09-13T01:32:00+09:00,smartmeter,,,,5.8,3.2
2022-09-13T01:33:00+09:00,smartmeter,,,900.0,,
2022-09-13T01:34:00+09:00,smartmeter,,,,6.4,4.0
2022-09-13T01:35:00+09:00,smartmeter,,,,11.7,3.6
2022-09-13T01:35:00+09:00,smartmeter,,,,6.1,4.1
2022-09-13T01:36:00+09:00,smartmeter,,,1072.0,,
2022-09-13T01:36:00+09:00,smartmeter,,,,6.6,4.9
2022-09-13T01:37:00+09:00,smartmeter,,,,8.5,4.6
2022-09-13T01:38:00+09:00,smartmeter,,,,9.1,5.2
2022-09-13T01:38:00+09:00,smartmeter,,,,7.2,4.7
2022-09-13T01:39:00+09:00,smartmeter,,,1080.0,,
2022-09-13T01:40:00+09:00,smartmeter,,,,6.9,4.5
2022-09-13T01:41:00+09:00,smartmeter,,,,6.9,4.5
2022-09-13T01:41:00+09:00,smartmeter,,,,7.1,4.8
2022-09-13T01:43:00+09:00,smartmeter,,,,5.6,3.4
2022-09-13T01:44:00+09:00,smartmeter,,,,5.7,3.4
2022-09-13T01:44:00+09:00,smartmeter,,,,5.7,3.3
2022-09-13T01:45:00+09:00,smartmeter,,,820.0,,
2022-09-13T01:46:00+09:00,smartmeter,,,,6.6,4.2
2022-09-13T01:46:00+09:00,smartmeter,,,,7.1,4.4
2022-09-13T01:47:00+09:00,smartmeter,,,,6.7,4.4
2022-09-13T01:48:00+09:00,smartmeter,,,,6.9,4.5
2022-09-13T01:49:00+09:00,smartmeter,,,,7.2,4.8
2022-09-13T01:49:00+09:00,smartmeter,,,,7.2,16.8
2022-09-13T01:50:00+09:00,smartmeter,,,,6.9,16.7
2022-09-13T01:51:00+09:00,smartmeter,,,,7.4,16.9
2022-09-13T01:52:00+09:00,smartmeter,,,,5.6,16.0
2022-09-13T01:52:00+09:00,smartmeter,,,,5.9,19.5
2022-09-13T01:53:00+09:00,smartmeter,,,,5.8,14.4
2022-09-13T01:54:00+09:00,smartmeter,,,,5.9,3.6
2022-09-13T01:55:00+09:00,smartmeter,,,1088.0,,
2022-09-13T01:56:00+09:00,smartmeter,,,,6.7,4.5
2022-09-13T01:57:00+09:00,smartmeter,,,,7.1,4.5
2022-09-13T01:58:00+09:00,smartmeter,,,,7.1,4.6
2022-09-13T01:58:00+09:00,smartmeter,,,,7.2,4.6
2022-09-13T01:59:00+09:00,smartmeter,,,1048.0,,
2022-09-13T02:00:00+09:00,smartmeter,,1875.55,,,
2022-09-13T02:01:00+09:00,smartmeter,,,,5.6,3.4
2022-09-13T02:01:00+09:00,smartmeter,,,,5.8,3.5
2022-09-13T02:02:00+09:00,smartmeter,,,,5.6,3.6
2022-09-13T02:03:00+09:00,smartmeter,,,,5.8,15.7
2022-09-13T02:04:00+09:00,smartmeter,,,,6.5,4.3
2022-09-13T02:04:00+09:00,smartmeter,,,,6.7,4.4
2022-09-13T02:05:00+09:00,smartmeter,,,,7.0,4.4
2022-09-13T02:06:00+09:00,smartmeter,,,,6.9,4.6
2022-09-13T02:06:00+09:00,smartmeter,,,,6.9,4.6
2022-09-13T02:07:00+09:00,smartmeter,,,,7.2,4.6
2022-09-13T02:08:00+09:00,smartmeter,,,,6.9,4.6
2022-09-13T02:09:00+09:00,smartmeter,,,836.0,,
2022-09-13T02:09:00+09:00,smartmeter,,,,5.7,3.4
2022-09-13T02:10:00+09:00,smartmeter,,,,7.5,3.4
2022-09-13T02:11:00+09:00,smartmeter,,,832.0,,
2022-09-13T02:12:00+09:00,smartmeter,,,,5.7,3.4
2022-09-13T02:12:00+09:00,smartmeter,,,1036.0,,
2022-09-13T02:13:00+09:00,smartmeter,,,,6.8,4.5
2022-09-13T02:14:00+09:00,smartmeter,,,,7.1,4.5
2022-09-13T02:15:00+09:00,smartmeter,,,,7.2,4.7
2022-09-13T02:15:00+09:00,smartmeter,,,,7.3,4.5
2022-09-13T02:16:00+09:00,smartmeter,,,,6.9,5.0
2022-09-13T02:17:00+09:00,smartmeter,,,,6.2,3.5
2022-09-13T02:18:00+09:00,smartmeter,,,836.0,,
2022-09-13T02:18:00+09:00,smartmeter,,,,6.1,3.6
2022-09-13T02:20:00+09:00,smartmeter,,,888.0,,
2022-09-13T02:21:00+09:00,smartmeter,,,,6.5,4.2
2022-09-13T02:21:00+09:00,smartmeter,,,,7.2,4.1
2022-09-13T02:22:00+09:00,smartmeter,,,,7.1,4.0
2022-09-13T02:23:00+09:00,smartmeter,,,,7.1,4.1
2022-09-13T02:24:00+09:00,smartmeter,,,1008.0,,
2022-09-13T02:24:00+09:00,smartmeter,,,1032.0,,
2022-09-13T02:25:00+09:00,smartmeter,,,,7.0,4.1
2022-09-13T02:27:00+09:00,smartmeter,,,,5.8,2.9
2022-09-13T02:27:00+09:00,smartmeter,,,,5.7,3.2
2022-09-13T02:29:00+09:00,smartmeter,,,,5.3,3.3
2022-09-13T02:30:00+09:00,smartmeter,,,,6.2,3.9
2022-09-13T02:30:00+09:00,smartmeter,,,,5.9,4.0
2022-09-13T02:30:00+09:00,smartmeter,,1876.05,,,
2022-09-13T02:31:00+09:00,smartmeter,,,,6.0,4.1
2022-09-13T02:32:00+09:00,smartmeter,,,1008.0,,
2022-09-13T02:32:00+09:00,smartmeter,,,1008.0,,
2022-09-13T02:33:00+09:00,smartmeter,,,,6.0,4.1
2022-09-13T02:34:00+09:00,smartmeter,,,,6.3,4.1
2022-09-13T02:35:00+09:00,smartmeter,,,752.0,,
2022-09-13T02:35:00+09:00,smartmeter,,,,5.0,2.9
2022-09-13T02:36:00+09:00,smartmeter,,,776.0,,
2022-09-13T02:36:00+09:00,smartmeter,,,,5.0,2.9
2022-09-13T02:37:00+09:00,smartmeter,,,,5.1,2.9
2022-09-13T02:38:00+09:00,smartmeter,,,,4.9,3.2
2022-09-13T02:38:00+09:00,smartmeter,,,,5.2,3.0
2022-09-13T02:39:00+09:00,smartmeter,,,,6.0,3.8
2022-09-13T02:40:00+09:00,smartmeter,,,,6.3,4.0
2022-09-13T02:41:00+09:00,smartmeter,,,,5.9,3.9
2022-09-13T02:41:00+09:00,smartmeter,,,,6.7,4.1
2022-09-13T02:42:00+09:00,smartmeter,,,,6.0,4.1
2022-09-13T02:43:00+09:00,smartmeter,,,,6.2,4.1
2022-09-13T02:44:00+09:00,smartmeter,,,,6.2,4.1
2022-09-13T02:44:00+09:00,smartmeter,,,,6.1,4.2
2022-09-13T02:46:00+09:00,smartmeter,,,996.0,,
2022-09-13T02:46:00+09:00,smartmeter,,,,6.2,4.0
2022-09-13T02:47:00+09:00,smartmeter,,,,4.9,2.9
2022-09-13T02:47:00+09:00,smartmeter,,,,4.9,2.9
2022-09-13T02:48:00+09:00,smartmeter,,,,4.8,2.9
2022-09-13T02:49:00+09:00,smartmeter,,,868.0,,
2022-09-13T02:49:00+09:00,smartmeter,,,,6.1,2.9
2022-09-13T02:49:00+09:00,smartmeter,,,,5.0,3.0
2022-09-13T02:50:00+09:00,smartmeter,,,920.0,,
2022-09-13T02:52:00+09:00,smartmeter,,,952.0,,
2022-09-13T02:52:00+09:00,smartmeter,,,,4.3,4.1
2022-09-13T02:53:00+09:00,smartmeter,,,,4.5,4.1
2022-09-13T02:54:00+09:00,smartmeter,,,792.0,,
2022-09-13T02:54:00+09:00,smartmeter,,,,4.5,4.1
2022-09-13T02:55:00+09:00,smartmeter,,,772.0,,
2022-09-13T02:55:00+09:00,smartmeter,,,884.0,,
2022-09-13T02:56:00+09:00,smartmeter,,,,5.9,3.1
2022-09-13T02:57:00+09:00,smartmeter,,,,6.2,2.9
2022-09-13T02:58:00+09:00,smartmeter,,,,5.9,2.9
2022-09-13T02:58:00+09:00,smartmeter,,,,7.5,2.9
2022-09-13T02:59:00+09:00,smartmeter,,,,6.2,2.9
2022-09-13T03:00:00+09:00,smartmeter,,,,6.5,2.9
2022-09-13T03:00:00+09:00,smartmeter,,1876.5,,,
2022-09-13T03:01:00+09:00,smartmeter,,,848.0,,
2022-09-13T03:01:00+09:00,smartmeter,,,,6.3,2.9
2022-09-13T03:01:00+09:00,smartmeter,,,,7.3,4.2
2022-09-13T03:02:00+09:00,smartmeter,,,,7.3,4.0
2022-09-13T03:03:00+09:00,smartmeter,,,,7.4,3.9
2022-09-13T03:04:00+09:00,smartmeter,,,1032.0,,
2022-09-13T03:04:00+09:00,smartmeter,,,,7.3,4.1
2022-09-13T03:05:00+09:00,smartmeter,,,1048.0,,
2022-09-13T03:06:00+09:00,smartmeter,,,,7.2,4.1
2022-09-13T03:06:00+09:00,smartmeter,,,,6.2,3.5
2022-09-13T03:07:00+09:00,smartmeter,,,,5.9,2.9
2022-09-13T03:08:00+09:00,smartmeter,,,,6.1,3.0
2022-09-13T03:09:00+09:00,smartmeter,,,804.0,,
2022-09-13T03:09:00+09:00,smartmeter,,,,6.0,2.9
2022-09-13T03:10:00+09:00,smartmeter,,,,7.0,3.8
2022-09-13T03:11:00+09:00,smartmeter,,,,7.3,4.0
2022-09-13T03:12:00+09:00,smartmeter,,,,7.0,4.0
2022-09-13T03:12:00+09:00,smartmeter,,,,7.7,4.5
2022-09-13T03:13:00+09:00,smartmeter,,,,7.2,4.1
2022-09-13T03:14:00+09:00,smartmeter,,,,7.5,4.1
2022-09-13T03:15:00+09:00,smartmeter,,,,7.2,4.1
2022-09-13T03:15:00+09:00,smartmeter,,,,6.2,2.9
2022-09-13T03:16:00+09:00,smartmeter,,,,5.8,2.8
2022-09-13T03:18:00+09:00,smartmeter,,,812.0,,
2022-09-13T03:18:00+09:00,smartmeter,,,,6.0,2.8
2022-09-13T03:19:00+09:00,smartmeter,,,,5.8,2.8
2022-09-13T03:20:00+09:00,smartmeter,,,,7.2,3.7
2022-09-13T03:21:00+09:00,smartmeter,,,,7.0,3.9
2022-09-13T03:21:00+09:00,smartmeter,,,,6.9,3.9
2022-09-13T03:22:00+09:00,smartmeter,,,,7.3,4.0
2022-09-13T03:23:00+09:00,smartmeter,,,,7.1,4.4
2022-09-13T03:24:00+09:00,smartmeter,,,,7.1,4.3
2022-09-13T03:24:00+09:00,smartmeter,,,,7.2,4.0
2022-09-13T03:25:00+09:00,smartmeter,,,808.0,,
2022-09-13T03:26:00+09:00,smartmeter,,,,5.7,2.9
2022-09-13T03:26:00+09:00,smartmeter,,,,5.7,2.9
2022-09-13T03:27:00+09:00,smartmeter,,,,6.0,2.9
2022-09-13T03:28:00+09:00,smartmeter,,,880.0,,
2022-09-13T03:29:00+09:00,smartmeter,,,,6.8,3.9
2022-09-13T03:29:00+09:00,smartmeter,,,,7.3,4.3
2022-09-13T03:30:00+09:00,smartmeter,,,,6.9,4.4
2022-09-13T03:30:00+09:00,smartmeter,,1876.97,,,
2022-09-13T03:31:00+09:00,smartmeter,,,,7.3,4.1
2022-09-13T03:32:00+09:00,smartmeter,,,,7.2,4.1
2022-09-13T03:32:00+09:00,smartmeter,,,,7.3,4.1
2022-09-13T03:33:00+09:00,smartmeter,,,808.0,,
2022-09-13T03:34:00+09:00,smartmeter,,,,6.3,2.9
2022-09-13T03:35:00+09:00,smartmeter,,,792.0,,
2022-09-13T03:35:00+09:00,smartmeter,,,,5.8,2.9
2022-09-13T03:35:00+09:00,smartmeter,,,944.0,,
2022-09-13T03:36:00+09:00,smartmeter,,,,5.7,2.8
2022-09-13T03:37:00+09:00,smartmeter,,,1088.0,,
2022-09-13T03:38:00+09:00,smartmeter,,,,6.9,4.0
2022-09-13T03:38:00+09:00,smartmeter,,,,6.9,3.9
2022-09-13T03:39:00+09:00,smartmeter,,,,7.3,4.0
2022-09-13T03:40:00+09:00,smartmeter,,,,7.1,4.0
2022-09-13T03:41:00+09:00,smartmeter,,,,7.1,4.0
2022-09-13T03:41:00+09:00,smartmeter,,,,7.2,4.0
2022-09-13T03:42:00+09:00,smartmeter,,,,5.7,2.8
2022-09-13T03:43:00+09:00,smartmeter,,,,5.8,2.8
2022-09-13T03:43:00+09:00,smartmeter,,,580.0,,
2022-09-13T03:44:00+09:00,smartmeter,,,,3.2,3.0
2022-09-13T03:45:00+09:00,smartmeter,,,,4.0,4.0
2022-09-13T03:46:00+09:00,smartmeter,,,,4.4,3.8
2022-09-13T03:46:00+09:00,smartmeter,,,,4.4,3.9
2022-09-13T03:47:00+09:00,smartmeter,,,,4.3,4.0
2022-09-13T03:48:00+09:00,smartmeter,,,,4.8,4.0
2022-09-13T03:49:00+09:00,smartmeter,,,,4.3,4.0
2022-09-13T03:49:00+09:00,smartmeter,,,,4.7,4.0
2022-09-13T03:50:00+09:00,smartmeter,,,,3.2,2.9
2022-09-13T03:51:00+09:00,smartmeter,,,,4.6,2.8
2022-09-13T03:52:00+09:00,smartmeter,,,,3.3,3.0
2022-09-13T03:52:00+09:00,smartmeter,,,,3.4,2.9
2022-09-13T03:53:00+09:00,smartmeter,,,,3.4,3.0
2022-09-13T03:54:00+09:00,smartmeter,,,,4.1,3.8
2022-09-13T03:55:00+09:00,smartmeter,,,,4.2,4.0
2022-09-13T03:55:00+09:00,smartmeter,,,,4.5,4.0
2022-09-13T03:56:00+09:00,smartmeter,,,780.0,,
2022-09-13T03:57:00+09:00,smartmeter,,,,4.3,4.1
2022-09-13T03:57:00+09:00,smartmeter,,,,4.5,4.0
2022-09-13T03:58:00+09:00,smartmeter,,,,3.3,2.9
2022-09-13T03:59:00+09:00,smartmeter,,,,3.2,3.1
2022-09-13T04:00:00+09:00,smartmeter,,1877.38,,,
2022-09-13T04:00:00+09:00,smartmeter,,,,3.2,2.8
2022-09-13T04:01:00+09:00,smartmeter,,,,3.2,2.8
2022-09-13T04:02:00+09:00,smartmeter,,,,4.2,3.7
2022-09-13T04:03:00+09:00,smartmeter,,,,4.2,3.9
2022-09-13T04:03:00+09:00,smartmeter,,,,4.4,3.9
2022-09-13T04:04:00+09:00,smartmeter,,,,4.3,4.0
2022-09-13T04:05:00+09:00,smartmeter,,,,5.2,4.0
2022-09-13T04:06:00+09:00,smartmeter,,,,4.3,4.0
2022-09-13T04:06:00+09:00,smartmeter,,,,4.6,4.0
2022-09-13T04:07:00+09:00,smartmeter,,,,3.5,3.2
2022-09-13T04:08:00+09:00,smartmeter,,,,3.5,2.8
2022-09-13T04:09:00+09:00,smartmeter,,,,3.4,2.8
2022-09-13T04:09:00+09:00,smartmeter,,,,4.0,2.8
2022-09-13T04:10:00+09:00,smartmeter,,,,3.4,2.9
2022-09-13T04:11:00+09:00,smartmeter,,,,4.4,3.7
2022-09-13T04:12:00+09:00,smartmeter,,,792.0,,
2022-09-13T04:12:00+09:00,smartmeter,,,,4.5,3.9
2022-09-13T04:13:00+09:00,smartmeter,,,,4.5,4.0
2022-09-13T04:14:00+09:00,smartmeter,,,,4.8,4.0
2022-09-13T04:15:00+09:00,smartmeter,,,792.0,,
2022-09-13T04:15:00+09:00,smartmeter,,,784.0,,
2022-09-13T04:16:00+09:00,smartmeter,,,628.0,,
2022-09-13T04:17:00+09:00,smartmeter,,,,3.5,3.0
2022-09-13T04:17:00+09:00,smartmeter,,,,3.4,2.9
2022-09-13T04:18:00+09:00,smartmeter,,,,3.4,2.8
2022-09-13T04:19:00+09:00,smartmeter,,,,3.7,2.8
2022-09-13T04:20:00+09:00,smartmeter,,,,4.3,3.7
2022-09-13T04:20:00+09:00,smartmeter,,,,4.6,3.9
2022-09-13T04:21:00+09:00,smartmeter,,,,4.6,3.9
2022-09-13T04:22:00+09:00,smartmeter,,,,4.9,4.0
2022-09-13T04:23:00+09:00,smartmeter,,,,4.5,4.0
2022-09-13T04:23:00+09:00,smartmeter,,,852.0,,
2022-09-13T04:23:00+09:00,smartmeter,,,,5.1,4.0
2022-09-13T04:24:00+09:00,smartmeter,,,792.0,,
2022-09-13T04:25:00+09:00,smartmeter,,,,4.8,4.3
2022-09-13T04:26:00+09:00,smartmeter,,,,3.7,2.8
2022-09-13T04:27:00+09:00,smartmeter,,,,3.4,2.9
2022-09-13T04:28:00+09:00,smartmeter,,,644.0,,
2022-09-13T04:29:00+09:00,smartmeter,,,,3.4,2.9
2022-09-13T04:29:00+09:00,smartmeter,,,,4.4,3.7
2022-09-13T04:30:00+09:00,smartmeter,,,800.0,,
2022-09-13T04:30:00+09:00,smartmeter,,1877.73,,,
2022-09-13T04:31:00+09:00,smartmeter,,,,4.4,3.9
2022-09-13T04:32:00+09:00,smartmeter,,,,4.5,4.0
2022-09-13T04:32:00+09:00,smartmeter,,,812.0,,
2022-09-13T04:32:00+09:00,smartmeter,,,,4.6,4.1
2022-09-13T04:33:00+09:00,smartmeter,,,,4.6,4.1
2022-09-13T04:34:00+09:00,smartmeter,,,,4.4,4.1
2022-09-13T04:34:00+09:00,smartmeter,,,,3.3,3.2
2022-09-13T04:35:00+09:00,smartmeter,,,,3.6,2.9
2022-09-13T04:36:00+09:00,smartmeter,,,,3.3,2.8
2022-09-13T04:37:00+09:00,smartmeter,,,564.0,,
2022-09-13T04:37:00+09:00,smartmeter,,,608.0,,
2022-09-13T04:38:00+09:00,smartmeter,,,,3.3,2.8
2022-09-13T04:39:00+09:00,smartmeter,,,,3.6,2.9
2022-09-13T04:40:00+09:00,smartmeter,,,,4.5,3.7
2022-09-13T04:40:00+09:00,smartmeter,,,,4.7,3.9
2022-09-13T04:41:00+09:00,smartmeter,,,,4.4,4.0
2022-09-13T04:42:00+09:00,smartmeter,,,856.0,,
2022-09-13T04:43:00+09:00,smartmeter,,,784.0,,
2022-09-13T04:43:00+09:00,smartmeter,,,,7.0,4.0
2022-09-13T04:44:00+09:00,smartmeter,,,,7.1,4.0
2022-09-13T04:45:00+09:00,smartmeter,,,,6.0,2.8
2022-09-13T04:46:00+09:00,smartmeter,,,784.0,,
2022-09-13T04:46:00+09:00,smartmeter,,,,6.0,3.2
2022-09-13T04:47:00+09:00,smartmeter,,,772.0,,
2022-09-13T04:48:00+09:00,smartmeter,,,,6.2,3.2
2022-09-13T04:49:00+09:00,smartmeter,,,,6.8,3.8
2022-09-13T04:49:00+09:00,smartmeter,,,,10.1,3.9
2022-09-13T04:50:00+09:00,smartmeter,,,,7.0,4.0
2022-09-13T04:52:00+09:00,smartmeter,,,,7.2,4.0
2022-09-13T04:52:00+09:00,smartmeter,,,,6.9,4.1
2022-09-13T04:53:00+09:00,smartmeter,,,,5.8,3.0
2022-09-13T04:54:00+09:00,smartmeter,,,,6.0,3.0
2022-09-13T04:54:00+09:00,smartmeter,,,,5.8,3.0
2022-09-13T04:55:00+09:00,smartmeter,,,,5.7,3.0
2022-09-13T04:56:00+09:00,smartmeter,,,,6.1,3.1
2022-09-13T04:57:00+09:00,smartmeter,,,,6.8,4.2
2022-09-13T04:58:00+09:00,smartmeter,,,1092.0,,
2022-09-13T04:59:00+09:00,smartmeter,,,,7.2,4.7
2022-09-13T05:00:00+09:00,smartmeter,,,,7.2,4.7
2022-09-13T05:00:00+09:00,smartmeter,,1878.16,,,
2022-09-13T05:00:00+09:00,smartmeter,,,,7.6,5.4
2022-09-13T05:01:00+09:00,smartmeter,,,,7.0,4.9
2022-09-13T05:03:00+09:00,smartmeter,,,,5.9,3.8
2022-09-13T05:03:00+09:00,smartmeter,,,904.0,,
2022-09-13T05:04:00+09:00,smartmeter,,,,5.7,3.9
2022-09-13T05:05:00+09:00,smartmeter,,,,6.1,4.0
2022-09-13T05:06:00+09:00,smartmeter,,,,8.8,4.7
2022-09-13T05:06:00+09:00,smartmeter,,,,7.2,4.9
2022-09-13T05:07:00+09:00,smartmeter,,,,6.9,5.4
2022-09-13T05:08:00+09:00,smartmeter,,,,7.6,5.2
2022-09-13T05:09:00+09:00,smartmeter,,,1092.0,,
2022-09-13T05:09:00+09:00,smartmeter,,,,7.4,4.9
2022-09-13T05:10:00+09:00,smartmeter,,,,7.3,4.9
2022-09-13T05:11:00+09:00,smartmeter,,,,7.2,5.8
2022-09-13T05:12:00+09:00,smartmeter,,,,6.2,4.8
2022-09-13T05:12:00+09:00,smartmeter,,,,6.2,4.7
2022-09-13T05:13:00+09:00,smartmeter,,,,5.8,4.7
2022-09-13T05:14:00+09:00,smartmeter,,,944.0,,
2022-09-13T05:14:00+09:00,smartmeter,,,,6.9,4.3
2022-09-13T05:15:00+09:00,smartmeter,,,,7.0,5.9
2022-09-13T05:16:00+09:00,smartmeter,,,,7.6,5.7
2022-09-13T05:17:00+09:00,smartmeter,,,,7.8,6.0
2022-09-13T05:17:00+09:00,smartmeter,,,,7.9,5.5
2022-09-13T05:18:00+09:00,smartmeter,,,,9.5,5.4
2022-09-13T05:19:00+09:00,smartmeter,,,1204.0,,
2022-09-13T05:20:00+09:00,smartmeter,,,992.0,,
2022-09-13T05:20:00+09:00,smartmeter,,,,6.7,4.3
2022-09-13T05:20:00+09:00,smartmeter,,,,6.4,4.3
2022-09-13T05:21:00+09:00,smartmeter,,,,6.4,4.3
2022-09-13T05:22:00+09:00,smartmeter,,,,5.8,4.4
2022-09-13T05:23:00+09:00,smartmeter,,,,5.7,4.6
2022-09-13T05:23:00+09:00,smartmeter,,,,6.8,5.2
2022-09-13T05:24:00+09:00,smartmeter,,,,7.6,5.3
2022-09-13T05:25:00+09:00,smartmeter,,,,8.6,5.3
2022-09-13T05:26:00+09:00,smartmeter,,,,8.4,5.5
2022-09-13T05:26:00+09:00,smartmeter,,,,7.2,5.5
2022-09-13T05:27:00+09:00,smartmeter,,,,7.1,5.5
2022-09-13T05:28:00+09:00,smartmeter,,,,9.6,5.4
2022-09-13T05:29:00+09:00,smartmeter,,,,9.5,4.3
2022-09-13T05:29:00+09:00,smartmeter,,,940.0,,
2022-09-13T05:30:00+09:00,smartmeter,,,,5.9,4.6
2022-09-13T05:30:00+09:00,smartmeter,,1878.72,,,
2022-09-13T05:31:00+09:00,smartmeter,,,960.0,,
2022-09-13T05:31:00+09:00,smartmeter,,,,6.5,4.4
2022-09-13T05:32:00+09:00,smartmeter,,,,14.0,5.3
2022-09-13T05:33:00+09:00,smartmeter,,,,7.5,5.5
2022-09-13T05:34:00+09:00,smartmeter,,,,7.7,5.6
2022-09-13T05:34:00+09:00,smartmeter,,,,7.2,5.6
2022-09-13T05:35:00+09:00,smartmeter,,,,7.1,5.7
2022-09-13T05:36:00+09:00,smartmeter,,,,7.1,5.6
2022-09-13T05:37:00+09:00,smartmeter,,,,8.5,5.0
2022-09-13T05:37:00+09:00,smartmeter,,,,15.9,4.5
2022-09-13T05:38:00+09:00,smartmeter,,,,19.3,4.5
2022-09-13T05:39:00+09:00,smartmeter,,,1912.0,,
2022-09-13T05:39:00+09:00,smartmeter,,,,14.9,4.6
2022-09-13T05:40:00+09:00,smartmeter,,,,14.7,4.5
2022-09-13T05:40:00+09:00,smartmeter,,,,15.6,5.3
2022-09-13T05:41:00+09:00,smartmeter,,,,9.5,5.5
2022-09-13T05:42:00+09:00,smartmeter,,,,8.3,5.5
2022-09-13T05:43:00+09:00,smartmeter,,,,8.4,5.6
2022-09-13T05:44:00+09:00,smartmeter,,,,8.3,5.6
2022-09-13T05:45:00+09:00,smartmeter,,,,7.0,5.6
2022-09-13T05:46:00+09:00,smartmeter,,,988.0,,
2022-09-13T05:46:00+09:00,smartmeter,,,,6.1,4.9
2022-09-13T05:47:00+09:00,smartmeter,,,,5.8,4.7
2022-09-13T05:48:00+09:00,smartmeter,,,,11.4,4.4
2022-09-13T05:48:00+09:00,smartmeter,,,1052.0,,
2022-09-13T05:49:00+09:00,smartmeter,,,,6.9,5.4
2022-09-13T05:50:00+09:00,smartmeter,,,,7.0,5.5
2022-09-13T05:51:00+09:00,smartmeter,,,,8.6,5.6
2022-09-13T05:51:00+09:00,smartmeter,,,,7.1,5.6
2022-09-13T05:52:00+09:00,smartmeter,,,,7.0,5.6
2022-09-13T05:53:00+09:00,smartmeter,,,,7.0,5.9
2022-09-13T05:54:00+09:00,smartmeter,,,,5.8,4.5
2022-09-13T05:55:00+09:00,smartmeter,,,,5.8,3.6
2022-09-13T05:57:00+09:00,smartmeter,,,,5.8,3.6
2022-09-13T05:57:00+09:00,smartmeter,,,,5.8,3.6
2022-09-13T05:58:00+09:00,smartmeter,,,,5.7,3.8
2022-09-13T05:59:00+09:00,smartmeter,,,,5.9,4.0
2022-09-13T06:00:00+09:00,smartmeter,,,1024.0,,
2022-09-13T06:00:00+09:00,smartmeter,,,,6.8,4.5
2022-09-13T06:00:00+09:00,smartmeter,,1879.33,,,
2022-09-13T06:00:00+09:00,smartmeter,,,,10.1,4.6
2022-09-13T06:01:00+09:00,smartmeter,,,,7.1,4.7
2022-09-13T06:02:00+09:00,smartmeter,,,,7.2,4.8
2022-09-13T06:03:00+09:00,smartmeter,,,,7.1,4.8
2022-09-13T06:03:00+09:00,smartmeter,,,,7.4,4.7
2022-09-13T06:04:00+09:00,smartmeter,,,,13.3,4.7
2022-09-13T06:05:00+09:00,smartmeter,,,,5.8,4.4
2022-09-13T06:06:00+09:00,smartmeter,,,,5.7,4.2
2022-09-13T06:06:00+09:00,smartmeter,,,860.0,,
2022-09-13T06:07:00+09:00,smartmeter,,,,5.7,3.6
2022-09-13T06:08:00+09:00,smartmeter,,,,6.6,4.3
2022-09-13T06:09:00+09:00,smartmeter,,,,7.0,4.6
2022-09-13T06:09:00+09:00,smartmeter,,,,7.0,4.7
2022-09-13T06:10:00+09:00,smartmeter,,,,12.1,4.9
2022-09-13T06:11:00+09:00,smartmeter,,,860.0,,
2022-09-13T06:11:00+09:00,smartmeter,,,,4.5,4.7
2022-09-13T06:12:00+09:00,smartmeter,,,,4.4,4.7
2022-09-13T06:13:00+09:00,smartmeter,,,,4.2,3.6
2022-09-13T06:14:00+09:00,smartmeter,,,,3.4,3.6
2022-09-13T06:14:00+09:00,smartmeter,,,,3.4,3.6
2022-09-13T06:15:00+09:00,smartmeter,,,,3.3,3.6
2022-09-13T06:16:00+09:00,smartmeter,,,780.0,,
2022-09-13T06:17:00+09:00,smartmeter,,,,8.5,4.9
2022-09-13T06:17:00+09:00,smartmeter,,,,4.5,4.7
2022-09-13T06:18:00+09:00,smartmeter,,,,4.5,4.7
2022-09-13T06:19:00+09:00,smartmeter,,,,4.5,4.7
2022-09-13T06:20:00+09:00,smartmeter,,,,4.4,4.7
2022-09-13T06:20:00+09:00,smartmeter,,,,4.4,4.7
2022-09-13T06:21:00+09:00,smartmeter,,,648.0,,
2022-09-13T06:22:00+09:00,smartmeter,,,,3.3,3.6
2022-09-13T06:23:00+09:00,smartmeter,,,596.0,,
2022-09-13T06:23:00+09:00,smartmeter,,,,3.3,3.5
2022-09-13T06:24:00+09:00,smartmeter,,,,3.8,4.3
2022-09-13T06:25:00+09:00,smartmeter,,,,4.3,4.7
2022-09-13T06:25:00+09:00,smartmeter,,,,4.3,4.9
2022-09-13T06:26:00+09:00,smartmeter,,,,4.4,5.2
2022-09-13T06:27:00+09:00,smartmeter,,,908.0,,
2022-09-13T06:28:00+09:00,smartmeter,,,,4.7,5.1
2022-09-13T06:28:00+09:00,smartmeter,,,,4.6,4.6
2022-09-13T06:29:00+09:00,smartmeter,,,,3.2,3.4
2022-09-13T06:30:00+09:00,smartmeter,,,644.0,,
2022-09-13T06:30:00+09:00,smartmeter,,1879.78,,,
2022-09-13T06:31:00+09:00,smartmeter,,,,3.4,3.4
2022-09-13T06:31:00+09:00,smartmeter,,,648.0,,
2022-09-13T06:32:00+09:00,smartmeter,,,,4.3,4.2
2022-09-13T06:33:00+09:00,smartmeter,,,,4.7,4.9
2022-09-13T06:34:00+09:00,smartmeter,,,872.0,,
2022-09-13T06:34:00+09:00,smartmeter,,,,4.6,4.9
2022-09-13T06:35:00+09:00,smartmeter,,,816.0,,
2022-09-13T06:36:00+09:00,smartmeter,,,612.0,,
2022-09-13T06:37:00+09:00,smartmeter,,,,3.5,3.6
2022-09-13T06:38:00+09:00,smartmeter,,,,3.6,3.4
2022-09-13T06:39:00+09:00,smartmeter,,,,3.3,3.3
2022-09-13T06:40:00+09:00,smartmeter,,,,3.9,3.7
2022-09-13T06:40:00+09:00,smartmeter,,,,4.4,4.9
2022-09-13T06:41:00+09:00,smartmeter,,,,4.1,4.5
2022-09-13T06:42:00+09:00,smartmeter,,,,3.8,4.1
2022-09-13T06:43:00+09:00,smartmeter,,,716.0,,
2022-09-13T06:43:00+09:00,smartmeter,,,,3.6,3.6
2022-09-13T06:44:00+09:00,smartmeter,,,,3.6,3.8
2022-09-13T06:45:00+09:00,smartmeter,,,,3.8,4.0
2022-09-13T06:45:00+09:00,smartmeter,,,,3.8,3.9
2022-09-13T06:46:00+09:00,smartmeter,,,,3.8,3.8
2022-09-13T06:47:00+09:00,smartmeter,,,,3.9,3.4
2022-09-13T06:48:00+09:00,smartmeter,,,672.0,,
2022-09-13T06:48:00+09:00,smartmeter,,,,3.6,3.2
2022-09-13T06:49:00+09:00,smartmeter,,,,3.6,3.3
2022-09-13T06:50:00+09:00,smartmeter,,,,3.5,3.3
2022-09-13T06:51:00+09:00,smartmeter,,,,3.6,4.0
2022-09-13T06:51:00+09:00,smartmeter,,,,3.5,3.2
2022-09-13T06:52:00+09:00,smartmeter,,,,3.6,3.2
2022-09-13T06:53:00+09:00,smartmeter,,,,3.6,3.2
2022-09-13T06:54:00+09:00,smartmeter,,,,3.6,3.2
2022-09-13T06:54:00+09:00,smartmeter,,,,3.7,3.2
2022-09-13T06:55:00+09:00,smartmeter,,,624.0,,
2022-09-13T06:56:00+09:00,smartmeter,,,644.0,,
2022-09-13T06:57:00+09:00,smartmeter,,,,3.5,3.2
2022-09-13T06:57:00+09:00,smartmeter,,,,3.5,3.2
2022-09-13T06:58:00+09:00,smartmeter,,,,3.5,3.2
2022-09-13T06:59:00+09:00,smartmeter,,,636.0,,
2022-09-13T06:59:00+09:00,smartmeter,,,,3.6,3.2
2022-09-13T07:00:00+09:00,smartmeter,,,,3.5,3.2
2022-09-13T07:00:00+09:00,smartmeter,,,,3.6,3.2
2022-09-13T07:00:00+09:00,smartmeter,,1880.13,,,
2022-09-13T07:01:00+09:00,smartmeter,,,,3.6,3.4
2022-09-13T07:02:00+09:00,smartmeter,,,,3.5,3.5
2022-09-13T07:02:00+09:00,smartmeter,,,,3.7,3.2
2022-09-13T07:03:00+09:00,smartmeter,,,656.0,,
2022-09-13T07:04:00+09:00,smartmeter,,,720.0,,
2022-09-13T07:05:00+09:00,smartmeter,,,1008.0,,
2022-09-13T07:05:00+09:00,smartmeter,,,,4.9,4.4
2022-09-13T07:06:00+09:00,smartmeter,,,844.0,,
2022-09-13T07:07:00+09:00,smartmeter,,,,4.7,4.3
2022-09-13T07:08:00+09:00,smartmeter,,,,4.7,4.7
2022-09-13T07:08:00+09:00,smartmeter,,,,4.7,4.2
2022-09-13T07:09:00+09:00,smartmeter,,,,4.8,4.2
2022-09-13T07:10:00+09:00,smartmeter,,,,4.7,4.2
2022-09-13T07:11:00+09:00,smartmeter,,,,6.8,4.2
2022-09-13T07:11:00+09:00,smartmeter,,,,7.1,4.2
2022-09-13T07:12:00+09:00,smartmeter,,,,7.1,4.2
2022-09-13T07:13:00+09:00,smartmeter,,,,7.2,4.5
2022-09-13T07:14:00+09:00,smartmeter,,,1060.0,,
2022-09-13T07:15:00+09:00,smartmeter,,,,7.2,4.2
2022-09-13T07:16:00+09:00,smartmeter,,,,7.2,4.2
2022-09-13T07:17:00+09:00,smartmeter,,,1048.0,,
2022-09-13T07:17:00+09:00,smartmeter,,,,7.2,4.2
2022-09-13T07:18:00+09:00,smartmeter,,,,7.2,4.2
2022-09-13T07:19:00+09:00,smartmeter,,,1076.0,,
2022-09-13T07:19:00+09:00,smartmeter,,,1052.0,,
2022-09-13T07:19:00+09:00,smartmeter,,,,7.2,4.2
2022-09-13T07:20:00+09:00,smartmeter,,,,7.2,4.2
2022-09-13T07:21:00+09:00,smartmeter,,,,7.3,4.2
2022-09-13T07:22:00+09:00,smartmeter,,,,7.3,4.2
2022-09-13T07:22:00+09:00,smartmeter,,,,7.3,4.2
2022-09-13T07:23:00+09:00,smartmeter,,,,7.3,4.2
2022-09-13T07:24:00+09:00,smartmeter,,,1088.0,,
2022-09-13T07:25:00+09:00,smartmeter,,,,7.3,4.3
2022-09-13T07:26:00+09:00,smartmeter,,,,7.3,4.3
2022-09-13T07:27:00+09:00,smartmeter,,,,7.4,4.2
2022-09-13T07:28:00+09:00,smartmeter,,,,7.3,4.2
2022-09-13T07:28:00+09:00,smartmeter,,,1068.0,,
2022-09-13T07:29:00+09:00,smartmeter,,,,7.3,4.7
2022-09-13T07:30:00+09:00,smartmeter,,,,7.3,4.3
2022-09-13T07:30:00+09:00,smartmeter,,1880.61,,,
2022-09-13T07:31:00+09:00,smartmeter,,,,7.4,4.3
2022-09-13T07:31:00+09:00,smartmeter,,,1064.0,,
2022-09-13T07:32:00+09:00,smartmeter,,,,7.3,4.3
2022-09-13T07:33:00+09:00,smartmeter,,,,7.4,4.3
2022-09-13T07:34:00+09:00,smartmeter,,,1068.0,,
2022-09-13T07:34:00+09:00,smartmeter,,,,7.3,4.3
2022-09-13T07:35:00+09:00,smartmeter,,,,7.3,4.8
2022-09-13T07:36:00+09:00,smartmeter,,,,7.3,4.3
2022-09-13T07:37:00+09:00,smartmeter,,,,7.4,4.3
2022-09-13T07:37:00+09:00,smartmeter,,,,7.3,4.3
2022-09-13T07:38:00+09:00,smartmeter,,,,7.4,4.3
2022-09-13T07:39:00+09:00,smartmeter,,,,6.7,3.8
2022-09-13T07:39:00+09:00,smartmeter,,,1268.0,,
2022-09-13T07:40:00+09:00,smartmeter,,,,6.1,3.2
2022-09-13T07:41:00+09:00,smartmeter,,,,6.2,3.2
2022-09-13T07:42:00+09:00,smartmeter,,,,6.1,3.7
2022-09-13T07:43:00+09:00,smartmeter,,,,7.2,4.1
2022-09-13T07:44:00+09:00,smartmeter,,,,7.6,4.5
2022-09-13T07:45:00+09:00,smartmeter,,,1084.0,,
2022-09-13T07:45:00+09:00,smartmeter,,,,7.5,4.4
2022-09-13T07:46:00+09:00,smartmeter,,,,7.8,4.7
2022-09-13T07:47:00+09:00,smartmeter,,,,8.1,5.0
2022-09-13T07:48:00+09:00,smartmeter,,,,8.4,5.6
2022-09-13T07:48:00+09:00,smartmeter,,,,8.6,5.6
2022-09-13T07:49:00+09:00,smartmeter,,,,8.7,5.7
2022-09-13T07:50:00+09:00,smartmeter,,,,8.8,5.9
2022-09-13T07:51:00+09:00,smartmeter,,,,8.7,5.7
2022-09-13T07:51:00+09:00,smartmeter,,,,8.5,5.4
2022-09-13T07:52:00+09:00,smartmeter,,,,8.2,5.1
2022-09-13T07:53:00+09:00,smartmeter,,,1232.0,,
2022-09-13T07:54:00+09:00,smartmeter,,,,8.2,5.6
2022-09-13T07:54:00+09:00,smartmeter,,,,8.2,5.2
2022-09-13T07:55:00+09:00,smartmeter,,,,8.2,5.2
2022-09-13T07:56:00+09:00,smartmeter,,,,8.2,5.2
2022-09-13T07:56:00+09:00,smartmeter,,,,8.2,5.2
2022-09-13T07:57:00+09:00,smartmeter,,,,8.3,5.2
2022-09-13T07:58:00+09:00,smartmeter,,,1240.0,,
2022-09-13T07:59:00+09:00,smartmeter,,,,8.3,5.3
2022-09-13T07:59:00+09:00,smartmeter,,,,8.4,5.6
2022-09-13T08:00:00+09:00,smartmeter,,,1248.0,,
2022-09-13T08:00:00+09:00,smartmeter,,1881.17,,,
2022-09-13T08:01:00+09:00,smartmeter,,,,8.2,5.2
2022-09-13T08:02:00+09:00,smartmeter,,,1216.0,,
2022-09-13T08:02:00+09:00,smartmeter,,,,8.2,5.1
2022-09-13T08:03:00+09:00,smartmeter,,,,8.1,6.6
2022-09-13T08:04:00+09:00,smartmeter,,,,8.0,4.9
2022-09-13T08:05:00+09:00,smartmeter,,,,8.0,4.9
2022-09-13T08:05:00+09:00,smartmeter,,,,8.0,5.3
2022-09-13T08:06:00+09:00,smartmeter,,,,6.3,3.2
2022-09-13T08:07:00+09:00,smartmeter,,,,6.2,3.2
2022-09-13T08:08:00+09:00,smartmeter,,,,6.1,3.2
2022-09-13T08:08:00+09:00,smartmeter,,,,6.2,3.2
2022-09-13T08:09:00+09:00,smartmeter,,,,6.3,3.2
2022-09-13T08:10:00+09:00,smartmeter,,,,6.5,3.2
2022-09-13T08:11:00+09:00,smartmeter,,,,6.4,3.2
2022-09-13T08:11:00+09:00,smartmeter,,,,6.5,3.2
2022-09-13T08:12:00+09:00,smartmeter,,,972.0,,
2022-09-13T08:13:00+09:00,smartmeter,,,,6.5,3.2
2022-09-13T08:13:00+09:00,smartmeter,,,,6.5,3.2
2022-09-13T08:14:00+09:00,smartmeter,,,,6.5,3.2
2022-09-13T08:15:00+09:00,smartmeter,,,,6.5,3.2
2022-09-13T08:16:00+09:00,smartmeter,,,,6.5,3.2
2022-09-13T08:16:00+09:00,smartmeter,,,,6.5,3.2
2022-09-13T08:17:00+09:00,smartmeter,,,932.0,,
2022-09-13T08:18:00+09:00,smartmeter,,,,6.5,3.6
2022-09-13T08:19:00+09:00,smartmeter,,,920.0,,
2022-09-13T08:19:00+09:00,smartmeter,,,,6.4,3.2
2022-09-13T08:20:00+09:00,smartmeter,,,,6.4,3.2
2022-09-13T08:21:00+09:00,smartmeter,,,,6.6,3.2
2022-09-13T08:22:00+09:00,smartmeter,,,,6.4,3.2
2022-09-13T08:23:00+09:00,smartmeter,,,,6.4,3.7
2022-09-13T08:24:00+09:00,smartmeter,,,,6.6,3.2
2022-09-13T08:25:00+09:00,smartmeter,,,,6.4,3.1
2022-09-13T08:25:00+09:00,smartmeter,,,,6.4,3.2
2022-09-13T08:26:00+09:00,smartmeter,,,704.0,,
2022-09-13T08:27:00+09:00,smartmeter,,,,4.1,3.2
2022-09-13T08:28:00+09:00,smartmeter,,,,4.1,3.2
2022-09-13T08:28:00+09:00,smartmeter,,,,4.1,3.2
2022-09-13T08:29:00+09:00,smartmeter,,,,4.1,3.5
2022-09-13T08:30:00+09:00,smartmeter,,,,4.1,3.2
2022-09-13T08:30:00+09:00,smartmeter,,1881.66,,,
2022-09-13T08:31:00+09:00,smartmeter,,,,4.0,3.1
2022-09-13T08:32:00+09:00,smartmeter,,,556.0,,
2022-09-13T08:33:00+09:00,smartmeter,,,,2.8,3.1
2022-09-13T08:34:00+09:00,smartmeter,,,,2.8,3.1
2022-09-13T08:34:00+09:00,smartmeter,,,548.0,,
2022-09-13T08:35:00+09:00,smartmeter,,,,2.9,3.6
2022-09-13T08:36:00+09:00,smartmeter,,,,2.8,3.1
2022-09-13T08:36:00+09:00,smartmeter,,,,4.4,3.1
2022-09-13T08:38:00+09:00,smartmeter,,,,4.1,3.1
2022-09-13T08:39:00+09:00,smartmeter,,,692.0,,
2022-09-13T08:39:00+09:00,smartmeter,,,,4.3,3.1
2022-09-13T08:40:00+09:00,smartmeter,,,,4.2,3.1
2022-09-13T08:41:00+09:00,smartmeter,,,,4.1,3.5
2022-09-13T08:42:00+09:00,smartmeter,,,,4.1,3.3
2022-09-13T08:42:00+09:00,smartmeter,,,,4.0,3.1
2022-09-13T08:43:00+09:00,smartmeter,,,680.0,,
2022-09-13T08:44:00+09:00,smartmeter,,,,4.0,3.1
2022-09-13T08:45:00+09:00,smartmeter,,,,3.9,3.1
2022-09-13T08:45:00+09:00,smartmeter,,,,4.0,3.1
2022-09-13T08:46:00+09:00,smartmeter,,,,3.9,3.1
2022-09-13T08:48:00+09:00,smartmeter,,,712.0,,
2022-09-13T08:48:00+09:00,smartmeter,,,,3.8,3.4
2022-09-13T08:49:00+09:00,smartmeter,,,,3.8,3.1
2022-09-13T08:50:00+09:00,smartmeter,,,672.0,,
2022-09-13T08:51:00+09:00,smartmeter,,,,3.8,3.1
2022-09-13T08:51:00+09:00,smartmeter,,,,3.8,3.2
2022-09-13T08:52:00+09:00,smartmeter,,,672.0,,
2022-09-13T08:53:00+09:00,smartmeter,,,,3.8,3.1
2022-09-13T08:53:00+09:00,smartmeter,,,,3.8,3.1
2022-09-13T08:54:00+09:00,smartmeter,,,,3.8,3.1
2022-09-13T08:55:00+09:00,smartmeter,,,,3.8,3.2
2022-09-13T08:56:00+09:00,smartmeter,,,,3.8,3.6
2022-09-13T08:56:00+09:00,smartmeter,,,668.0,,
2022-09-13T08:57:00+09:00,smartmeter,,,,3.9,3.1
2022-09-13T08:58:00+09:00,smartmeter,,,,3.8,3.1
2022-09-13T08:59:00+09:00,smartmeter,,,664.0,,
2022-09-13T08:59:00+09:00,smartmeter,,,664.0,,
2022-09-13T09:00:00+09:00,smartmeter,,,,3.8,3.1
2022-09-13T09:00:00+09:00,smartmeter,,1881.99,,,
2022-09-13T09:01:00+09:00,smartmeter,,,,3.8,3.1
2022-09-13T09:02:00+09:00,smartmeter,,,,3.8,3.1
2022-09-13T09:02:00+09:00,smartmeter,,,664.0,,
2022-09-13T09:03:00+09:00,smartmeter,,,,3.8,3.2
2022-09-13T09:04:00+09:00,smartmeter,,,716.0,,
2022-09-13T09:05:00+09:00,smartmeter,,,,3.8,3.1
2022-09-13T09:05:00+09:00,smartmeter,,,664.0,,
2022-09-13T09:06:00+09:00,smartmeter,,,,3.8,3.1
2022-09-13T09:07:00+09:00,smartmeter,,,664.0,,
2022-09-13T09:08:00+09:00,smartmeter,,,,3.8,3.2
2022-09-13T09:09:00+09:00,smartmeter,,,,3.8,3.1
2022-09-13T09:10:00+09:00,smartmeter,,,,3.8,3.1
2022-09-13T09:11:00+09:00,smartmeter,,,,3.8,3.1
2022-09-13T09:11:00+09:00,smartmeter,,,,3.8,3.2
2022-09-13T09:12:00+09:00,smartmeter,,,,3.9,3.3
2022-09-13T09:13:00+09:00,smartmeter,,,,3.8,3.6
2022-09-13T09:13:00+09:00,smartmeter,,,,3.8,3.3
2022-09-13T09:14:00+09:00,smartmeter,,,,3.8,3.2
2022-09-13T09:15:00+09:00,smartmeter,,,,3.8,3.2
2022-09-13T09:16:00+09:00,smartmeter,,,,3.8,3.1
2022-09-13T09:16:00+09:00,smartmeter,,,,3.8,3.1
2022-09-13T09:17:00+09:00,smartmeter,,,,3.8,3.2
2022-09-13T09:18:00+09:00,smartmeter,,,664.0,,
2022-09-13T09:19:00+09:00,smartmeter,,,,3.8,3.2
2022-09-13T09:19:00+09:00,smartmeter,,,668.0,,
2022-09-13T09:20:00+09:00,smartmeter,,,,3.9,3.6
2022-09-13T09:21:00+09:00,smartmeter,,,,3.8,3.2
2022-09-13T09:22:00+09:00,smartmeter,,,,3.8,3.2
2022-09-13T09:22:00+09:00,smartmeter,,,,3.8,3.2
2022-09-13T09:23:00+09:00,smartmeter,,,,3.7,3.2
2022-09-13T09:24:00+09:00,smartmeter,,,,3.8,3.2
2022-09-13T09:25:00+09:00,smartmeter,,,656.0,,
2022-09-13T09:25:00+09:00,smartmeter,,,,3.8,3.2
2022-09-13T09:26:00+09:00,smartmeter,,,,6.0,3.2
2022-09-13T09:27:00+09:00,smartmeter,,,852.0,,
2022-09-13T09:28:00+09:00,smartmeter,,,,6.1,3.4
2022-09-13T09:28:00+09:00,smartmeter,,,,6.1,3.6
2022-09-13T09:29:00+09:00,smartmeter,,,,6.2,3.3
2022-09-13T09:30:00+09:00,smartmeter,,,,6.2,3.2
2022-09-13T09:30:00+09:00,smartmeter,,1882.33,,,
2022-09-13T09:30:00+09:00,smartmeter,,,,6.1,3.2
2022-09-13T09:31:00+09:00,smartmeter,,,,6.4,3.2
2022-09-13T09:32:00+09:00,smartmeter,,,,6.5,3.1
2022-09-13T09:33:00+09:00,smartmeter,,,,6.4,3.2
2022-09-13T09:33:00+09:00,smartmeter,,,880.0,,
2022-09-13T09:34:00+09:00,smartmeter,,,,6.4,3.2
2022-09-13T09:35:00+09:00,smartmeter,,,896.0,,
2022-09-13T09:36:00+09:00,smartmeter,,,,6.4,3.2
2022-09-13T09:36:00+09:00,smartmeter,,,892.0,,
2022-09-13T09:36:00+09:00,smartmeter,,,,6.4,3.1
2022-09-13T09:37:00+09:00,smartmeter,,,,6.4,3.2
2022-09-13T09:38:00+09:00,smartmeter,,,,6.4,3.1
2022-09-13T09:39:00+09:00,smartmeter,,,,6.4,3.1
2022-09-13T09:39:00+09:00,smartmeter,,,,6.5,3.2
2022-09-13T09:40:00+09:00,smartmeter,,,,6.5,3.2
2022-09-13T09:41:00+09:00,smartmeter,,,,6.5,3.1
2022-09-13T09:42:00+09:00,smartmeter,,,,6.5,3.6
2022-09-13T09:42:00+09:00,smartmeter,,,,6.5,3.2
2022-09-13T09:43:00+09:00,smartmeter,,,,6.5,3.1
2022-09-13T09:44:00+09:00,smartmeter,,,904.0,,
2022-09-13T09:45:00+09:00,smartmeter,,,,6.5,3.1
2022-09-13T09:45:00+09:00,smartmeter,,,896.0,,
2022-09-13T09:46:00+09:00,smartmeter,,,,6.5,3.1
2022-09-13T09:47:00+09:00,smartmeter,,,,6.5,3.1
2022-09-13T09:47:00+09:00,smartmeter,,,,6.5,3.1
2022-09-13T09:48:00+09:00,smartmeter,,,,6.5,3.1
2022-09-13T09:49:00+09:00,smartmeter,,,,6.5,3.1
2022-09-13T09:50:00+09:00,smartmeter,,,,6.5,3.5
2022-09-13T09:50:00+09:00,smartmeter,,,908.0,,
2022-09-13T09:51:00+09:00,smartmeter,,,,6.5,3.1
2022-09-13T09:52:00+09:00,smartmeter,,,,6.6,3.1
2022-09-13T09:53:00+09:00,smartmeter,,,,6.5,3.1
2022-09-13T09:53:00+09:00,smartmeter,,,,6.5,3.1
2022-09-13T09:54:00+09:00,smartmeter,,,,6.6,3.1
2022-09-13T09:55:00+09:00,smartmeter,,,,6.6,3.1
2022-09-13T09:56:00+09:00,smartmeter,,,,6.5,3.1
2022-09-13T09:56:00+09:00,smartmeter,,,896.0,,
2022-09-13T09:57:00+09:00,smartmeter,,,900.0,,
2022-09-13T09:58:00+09:00,smartmeter,,,932.0,,
2022-09-13T09:59:00+09:00,smartmeter,,,896.0,,
2022-09-13T09:59:00+09:00,smartmeter,,,,6.6,3.1
2022-09-13T09:59:00+09:00,smartmeter,,,,6.6,3.3
2022-09-13T10:00:00+09:00,smartmeter,,,,6.7,7.4
2022-09-13T10:00:00+09:00,smartmeter,,1882.78,,,
2022-09-13T10:01:00+09:00,smartmeter,,,916.0,,
2022-09-13T10:02:00+09:00,smartmeter,,,,6.5,3.5
2022-09-13T10:02:00+09:00,smartmeter,,,,6.5,3.3
2022-09-13T10:03:00+09:00,smartmeter,,,,6.6,3.3
2022-09-13T10:04:00+09:00,smartmeter,,,,6.6,3.2
2022-09-13T10:04:00+09:00,smartmeter,,,,6.6,3.2
2022-09-13T10:05:00+09:00,smartmeter,,,,6.6,3.2
2022-09-13T10:06:00+09:00,smartmeter,,,,6.6,3.2
2022-09-13T10:07:00+09:00,smartmeter,,,,6.6,3.2
2022-09-13T10:07:00+09:00,smartmeter,,,900.0,,
2022-09-13T10:07:00+09:00,smartmeter,,,,6.5,3.2
2022-09-13T10:08:00+09:00,smartmeter,,,,6.6,3.4
2022-09-13T10:09:00+09:00,smartmeter,,,,6.6,3.4
2022-09-13T10:10:00+09:00,smartmeter,,,,6.6,3.2
2022-09-13T10:10:00+09:00,smartmeter,,,,6.6,3.1
2022-09-13T10:12:00+09:00,smartmeter,,,904.0,,
2022-09-13T10:13:00+09:00,smartmeter,,,,6.6,3.2
2022-09-13T10:13:00+09:00,smartmeter,,,912.0,,
2022-09-13T10:14:00+09:00,smartmeter,,,,6.7,3.5
2022-09-13T10:15:00+09:00,smartmeter,,,,6.6,3.2
2022-09-13T10:16:00+09:00,smartmeter,,,,6.6,3.2
2022-09-13T10:16:00+09:00,smartmeter,,,,6.7,3.2
2022-09-13T10:17:00+09:00,smartmeter,,,904.0,,
2022-09-13T10:18:00+09:00,smartmeter,,,,6.6,3.1
2022-09-13T10:19:00+09:00,smartmeter,,,,6.7,3.2
2022-09-13T10:19:00+09:00,smartmeter,,,,6.7,3.2
2022-09-13T10:20:00+09:00,smartmeter,,,,6.6,3.2
2022-09-13T10:21:00+09:00,smartmeter,,,,6.6,3.4
2022-09-13T10:21:00+09:00,smartmeter,,,916.0,,
2022-09-13T10:22:00+09:00,smartmeter,,,,6.6,3.2
2022-09-13T10:23:00+09:00,smartmeter,,,,6.6,3.2
2022-09-13T10:24:00+09:00,smartmeter,,,,6.6,3.2
2022-09-13T10:24:00+09:00,smartmeter,,,,6.7,3.2
2022-09-13T10:25:00+09:00,smartmeter,,,908.0,,
2022-09-13T10:26:00+09:00,smartmeter,,,,6.6,3.2
2022-09-13T10:27:00+09:00,smartmeter,,,,6.6,3.3
2022-09-13T10:27:00+09:00,smartmeter,,,,6.6,3.5
2022-09-13T10:28:00+09:00,smartmeter,,,,6.6,3.2
2022-09-13T10:29:00+09:00,smartmeter,,,912.0,,
2022-09-13T10:30:00+09:00,smartmeter,,,,6.6,3.3
2022-09-13T10:30:00+09:00,smartmeter,,1883.24,,,
2022-09-13T10:31:00+09:00,smartmeter,,,,6.7,3.4
2022-09-13T10:32:00+09:00,smartmeter,,,,6.6,3.6
2022-09-13T10:33:00+09:00,smartmeter,,,,6.7,3.3
2022-09-13T10:33:00+09:00,smartmeter,,,,6.6,3.3
2022-09-13T10:34:00+09:00,smartmeter,,,,6.6,3.8
2022-09-13T10:35:00+09:00,smartmeter,,,,6.6,3.9
2022-09-13T10:36:00+09:00,smartmeter,,,,6.7,3.3
2022-09-13T10:36:00+09:00,smartmeter,,,,6.6,3.2
2022-09-13T10:37:00+09:00,smartmeter,,,,6.6,3.2
2022-09-13T10:38:00+09:00,smartmeter,,,900.0,,
2022-09-13T10:39:00+09:00,smartmeter,,,836.0,,
2022-09-13T10:39:00+09:00,smartmeter,,,,4.0,3.1
2022-09-13T10:40:00+09:00,smartmeter,,,,4.0,3.1
2022-09-13T10:41:00+09:00,smartmeter,,,,4.0,3.1
2022-09-13T10:41:00+09:00,smartmeter,,,,4.0,3.1
2022-09-13T10:42:00+09:00,smartmeter,,,,4.0,3.1
2022-09-13T10:43:00+09:00,smartmeter,,,668.0,,
2022-09-13T10:44:00+09:00,smartmeter,,,,4.0,3.1
2022-09-13T10:45:00+09:00,smartmeter,,,712.0,,
2022-09-13T10:46:00+09:00,smartmeter,,,,4.0,3.2
2022-09-13T10:47:00+09:00,smartmeter,,,,4.0,3.1
2022-09-13T10:47:00+09:00,smartmeter,,,672.0,,
2022-09-13T10:48:00+09:00,smartmeter,,,668.0,,
2022-09-13T10:49:00+09:00,smartmeter,,,,4.0,3.1
2022-09-13T10:50:00+09:00,smartmeter,,,,4.0,3.1
2022-09-13T10:50:00+09:00,smartmeter,,,,4.0,3.1
2022-09-13T10:51:00+09:00,smartmeter,,,672.0,,
2022-09-13T10:52:00+09:00,smartmeter,,,,4.0,3.1
2022-09-13T10:53:00+09:00,smartmeter,,,,4.0,3.5
2022-09-13T10:53:00+09:00,smartmeter,,,,4.0,3.4
2022-09-13T10:54:00+09:00,smartmeter,,,,3.9,3.2
2022-09-13T10:55:00+09:00,smartmeter,,,760.0,,
2022-09-13T10:55:00+09:00,smartmeter,,,,4.0,4.0
2022-09-13T10:56:00+09:00,smartmeter,,,696.0,,
2022-09-13T10:57:00+09:00,smartmeter,,,688.0,,
2022-09-13T10:58:00+09:00,smartmeter,,,,4.0,3.5
2022-09-13T10:59:00+09:00,smartmeter,,,,4.0,3.3
2022-09-13T11:00:00+09:00,smartmeter,,,,4.0,3.3
2022-09-13T11:00:00+09:00,smartmeter,,1883.62,,,
2022-09-13T11:01:00+09:00,smartmeter,,,692.0,,
2022-09-13T11:01:00+09:00,smartmeter,,,688.0,,
2022-09-13T11:02:00+09:00,smartmeter,,,,4.0,3.3
2022-09-13T11:03:00+09:00,smartmeter,,,684.0,,
2022-09-13T11:04:00+09:00,smartmeter,,,,4.0,3.1
2022-09-13T11:04:00+09:00,smartmeter,,,,4.0,3.1
2022-09-13T11:05:00+09:00,smartmeter,,,,4.0,3.4
2022-09-13T11:06:00+09:00,smartmeter,,,,4.0,3.2
2022-09-13T11:07:00+09:00,smartmeter,,,,4.0,3.2
2022-09-13T11:07:00+09:00,smartmeter,,,,4.0,3.2
2022-09-13T11:08:00+09:00,smartmeter,,,676.0,,
2022-09-13T11:09:00+09:00,smartmeter,,,,4.0,3.2
2022-09-13T11:10:00+09:00,smartmeter,,,,4.0,3.5
2022-09-13T11:10:00+09:00,smartmeter,,,,4.0,3.1
2022-09-13T11:12:00+09:00,smartmeter,,,,4.0,3.1
2022-09-13T11:13:00+09:00,smartmeter,,,,4.0,3.1
2022-09-13T11:13:00+09:00,smartmeter,,,,4.0,3.1
2022-09-13T11:14:00+09:00,smartmeter,,,,4.0,3.3
2022-09-13T11:15:00+09:00,smartmeter,,,672.0,,
2022-09-13T11:15:00+09:00,smartmeter,,,,4.1,3.1
2022-09-13T11:16:00+09:00,smartmeter,,,,4.0,3.1
2022-09-13T11:17:00+09:00,smartmeter,,,668.0,,
2022-09-13T11:18:00+09:00,smartmeter,,,,4.0,3.1
2022-09-13T11:18:00+09:00,smartmeter,,,,4.0,3.4
2022-09-13T11:19:00+09:00,smartmeter,,,,4.0,3.1
2022-09-13T11:20:00+09:00,smartmeter,,,664.0,,
2022-09-13T11:21:00+09:00,smartmeter,,,,4.0,3.2
2022-09-13T11:21:00+09:00,smartmeter,,,,4.0,3.1
2022-09-13T11:22:00+09:00,smartmeter,,,668.0,,
2022-09-13T11:23:00+09:00,smartmeter,,,,4.0,3.4
2022-09-13T11:24:00+09:00,smartmeter,,,,4.0,3.6
2022-09-13T11:24:00+09:00,smartmeter,,,,4.2,3.6
2022-09-13T11:25:00+09:00,smartmeter,,,,4.2,3.1
2022-09-13T11:26:00+09:00,smartmeter,,,,4.2,3.1
2022-09-13T11:27:00+09:00,smartmeter,,,,4.2,3.1
2022-09-13T11:27:00+09:00,smartmeter,,,,4.0,3.1
2022-09-13T11:28:00+09:00,smartmeter,,,,4.0,3.4
2022-09-13T11:29:00+09:00,smartmeter,,,676.0,,
2022-09-13T11:30:00+09:00,smartmeter,,,,4.0,3.1
2022-09-13T11:30:00+09:00,smartmeter,,,,4.0,3.1
2022-09-13T11:30:00+09:00,smartmeter,,1883.97,,,
2022-09-13T11:31:00+09:00,smartmeter,,,672.0,,
2022-09-13T11:31:00+09:00,smartmeter,,,,4.0,3.1
2022-09-13T11:32:00+09:00,smartmeter,,,,4.0,3.1
2022-09-13T11:32:00+09:00,smartmeter,,,,3.9,3.1
2022-09-13T11:33:00+09:00,smartmeter,,,,3.9,3.4
2022-09-13T11:33:00+09:00,smartmeter,,,696.0,,
2022-09-13T11:34:00+09:00,smartmeter,,,,3.9,3.1
2022-09-13T11:35:00+09:00,smartmeter,,,,3.9,3.1
2022-09-13T11:35:00+09:00,smartmeter,,,,4.0,3.1
2022-09-13T11:36:00+09:00,smartmeter,,,,3.9,3.1
2022-09-13T11:37:00+09:00,smartmeter,,,,4.0,3.1
2022-09-13T11:38:00+09:00,smartmeter,,,,4.0,3.1
2022-09-13T11:38:00+09:00,smartmeter,,,748.0,,
2022-09-13T11:39:00+09:00,smartmeter,,,860.0,,
2022-09-13T11:40:00+09:00,smartmeter,,,,6.3,3.1
2022-09-13T11:41:00+09:00,smartmeter,,,,6.4,3.1
2022-09-13T11:41:00+09:00,smartmeter,,,888.0,,
2022-09-13T11:42:00+09:00,smartmeter,,,,6.4,3.1
2022-09-13T11:43:00+09:00,smartmeter,,,,6.4,3.1
2022-09-13T11:44:00+09:00,smartmeter,,,,6.4,3.1
2022-09-13T11:44:00+09:00,smartmeter,,,900.0,,
2022-09-13T11:45:00+09:00,smartmeter,,,,6.4,3.2
2022-09-13T11:46:00+09:00,smartmeter,,,,6.4,3.1
2022-09-13T11:47:00+09:00,smartmeter,,,,6.5,3.1
2022-09-13T11:47:00+09:00,smartmeter,,,,6.5,3.1
2022-09-13T11:48:00+09:00,smartmeter,,,880.0,,
2022-09-13T11:49:00+09:00,smartmeter,,,,6.5,3.1
2022-09-13T11:49:00+09:00,smartmeter,,,,6.4,3.1
2022-09-13T11:50:00+09:00,smartmeter,,,928.0,,
2022-09-13T11:50:00+09:00,smartmeter,,,,6.6,3.4
2022-09-13T11:51:00+09:00,smartmeter,,,,6.5,3.1
2022-09-13T11:52:00+09:00,smartmeter,,,,6.5,3.1
2022-09-13T11:52:00+09:00,smartmeter,,,,6.5,3.1
2022-09-13T11:53:00+09:00,smartmeter,,,888.0,,
2022-09-13T11:55:00+09:00,smartmeter,,,,6.5,3.1
2022-09-13T11:55:00+09:00,smartmeter,,,,6.6,3.1
2022-09-13T11:56:00+09:00,smartmeter,,,,6.5,3.2
2022-09-13T11:57:00+09:00,smartmeter,,,,6.5,3.4
2022-09-13T11:58:00+09:00,smartmeter,,,,6.5,3.3
2022-09-13T11:59:00+09:00,smartmeter,,,,6.6,3.3
2022-09-13T12:00:00+09:00,smartmeter,,,,6.5,3.3
2022-09-13T12:00:00+09:00,smartmeter,,1884.38,,,
2022-09-13T12:01:00+09:00,smartmeter,,,,6.5,3.3
2022-09-13T12:01:00+09:00,smartmeter,,,,6.5,3.3
2022-09-13T12:02:00+09:00,smartmeter,,,932.0,,
2022-09-13T12:03:00+09:00,smartmeter,,,,6.5,3.1
2022-09-13T12:04:00+09:00,smartmeter,,,892.0,,
2022-09-13T12:04:00+09:00,smartmeter,,,896.0,,
2022-09-13T12:04:00+09:00,smartmeter,,,,6.5,3.1
2022-09-13T12:05:00+09:00,smartmeter,,,,6.6,3.1
2022-09-13T12:06:00+09:00,smartmeter,,,,6.5,3.1
2022-09-13T12:06:00+09:00,smartmeter,,,,6.5,3.1
2022-09-13T12:08:00+09:00,smartmeter,,,,6.5,3.3
2022-09-13T12:09:00+09:00,smartmeter,,,,6.5,3.1
2022-09-13T12:09:00+09:00,smartmeter,,,908.0,,
2022-09-13T12:10:00+09:00,smartmeter,,,896.0,,
2022-09-13T12:11:00+09:00,smartmeter,,,896.0,,
2022-09-13T12:12:00+09:00,smartmeter,,,,6.5,3.1
2022-09-13T12:12:00+09:00,smartmeter,,,,6.7,3.3
2022-09-13T12:13:00+09:00,smartmeter,,,,6.6,3.3
2022-09-13T12:14:00+09:00,smartmeter,,,,6.6,3.4
2022-09-13T12:15:00+09:00,smartmeter,,,,6.6,3.2
2022-09-13T12:15:00+09:00,smartmeter,,,,6.6,3.2
2022-09-13T12:16:00+09:00,smartmeter,,,,6.7,3.3
2022-09-13T12:17:00+09:00,smartmeter,,,,6.8,3.3
2022-09-13T12:18:00+09:00,smartmeter,,,936.0,,
2022-09-13T12:18:00+09:00,smartmeter,,,,6.8,3.1
2022-09-13T12:19:00+09:00,smartmeter,,,,6.6,3.1
2022-09-13T12:20:00+09:00,smartmeter,,,,6.6,3.1
2022-09-13T12:21:00+09:00,smartmeter,,,916.0,,
2022-09-13T12:21:00+09:00,smartmeter,,,924.0,,
2022-09-13T12:22:00+09:00,smartmeter,,,,6.6,3.1
2022-09-13T12:23:00+09:00,smartmeter,,,,6.6,3.1
2022-09-13T12:23:00+09:00,smartmeter,,,,6.6,3.2
2022-09-13T12:24:00+09:00,smartmeter,,,,6.6,3.1
2022-09-13T12:25:00+09:00,smartmeter,,,,7.1,3.1
2022-09-13T12:26:00+09:00,smartmeter,,,,7.2,3.1
2022-09-13T12:26:00+09:00,smartmeter,,,,7.2,3.1
2022-09-13T12:27:00+09:00,smartmeter,,,,7.2,3.1
2022-09-13T12:28:00+09:00,smartmeter,,,956.0,,
2022-09-13T12:29:00+09:00,smartmeter,,,,7.2,3.4
2022-09-13T12:29:00+09:00,smartmeter,,,,7.2,3.2
2022-09-13T12:30:00+09:00,smartmeter,,,,7.2,3.1
2022-09-13T12:30:00+09:00,smartmeter,,1884.84,,,
2022-09-13T12:31:00+09:00,smartmeter,,,,7.1,3.1
2022-09-13T12:32:00+09:00,smartmeter,,,952.0,,
2022-09-13T12:32:00+09:00,smartmeter,,,,7.1,3.1
2022-09-13T12:33:00+09:00,smartmeter,,,,7.2,3.1
2022-09-13T12:34:00+09:00,smartmeter,,,952.0,,
2022-09-13T12:35:00+09:00,smartmeter,,,,7.2,3.1
2022-09-13T12:35:00+09:00,smartmeter,,,,7.2,3.1
2022-09-13T12:36:00+09:00,smartmeter,,,,7.2,3.1
2022-09-13T12:37:00+09:00,smartmeter,,,,7.2,3.1
2022-09-13T12:38:00+09:00,smartmeter,,,,7.1,3.2
2022-09-13T12:38:00+09:00,smartmeter,,,,7.1,3.4
2022-09-13T12:39:00+09:00,smartmeter,,,,7.1,3.1
2022-09-13T12:40:00+09:00,smartmeter,,,956.0,,
2022-09-13T12:40:00+09:00,smartmeter,,,,7.1,3.2
2022-09-13T12:40:00+09:00,smartmeter,,,,7.2,3.2
2022-09-13T12:41:00+09:00,smartmeter,,,,7.2,3.2
2022-09-13T12:42:00+09:00,smartmeter,,,,7.2,3.1
2022-09-13T12:43:00+09:00,smartmeter,,,,7.2,3.1
2022-09-13T12:43:00+09:00,smartmeter,,,948.0,,
2022-09-13T12:44:00+09:00,smartmeter,,,,7.2,3.1
2022-09-13T12:46:00+09:00,smartmeter,,,,4.5,3.1
2022-09-13T12:46:00+09:00,smartmeter,,,,4.6,3.3
2022-09-13T12:47:00+09:00,smartmeter,,,736.0,,
2022-09-13T12:47:00+09:00,smartmeter,,,,4.5,3.4
2022-09-13T12:48:00+09:00,smartmeter,,,,4.6,3.2
2022-09-13T12:49:00+09:00,smartmeter,,,,12.4,3.1
2022-09-13T12:49:00+09:00,smartmeter,,,1552.0,,
2022-09-13T12:50:00+09:00,smartmeter,,,,12.4,3.1
2022-09-13T12:51:00+09:00,smartmeter,,,,12.4,3.1
2022-09-13T12:52:00+09:00,smartmeter,,,,12.4,3.1
2022-09-13T12:52:00+09:00,smartmeter,,,716.0,,
2022-09-13T12:53:00+09:00,smartmeter,,,712.0,,
2022-09-13T12:54:00+09:00,smartmeter,,,,4.6,3.1
2022-09-13T12:55:00+09:00,smartmeter,,,,4.6,3.4
2022-09-13T12:55:00+09:00,smartmeter,,,,4.5,3.2
2022-09-13T12:56:00+09:00,smartmeter,,,,4.5,3.2
2022-09-13T12:57:00+09:00,smartmeter,,,,4.5,7.1
2022-09-13T12:58:00+09:00,smartmeter,,,,4.5,3.2
2022-09-13T12:58:00+09:00,smartmeter,,,,4.6,3.2
2022-09-13T12:59:00+09:00,smartmeter,,,,4.5,3.1
2022-09-13T13:00:00+09:00,smartmeter,,,,4.4,3.1
2022-09-13T13:00:00+09:00,smartmeter,,1885.31,,,
2022-09-13T13:00:00+09:00,smartmeter,,,,4.5,3.1
2022-09-13T13:01:00+09:00,smartmeter,,,712.0,,
2022-09-13T13:02:00+09:00,smartmeter,,,712.0,,
2022-09-13T13:03:00+09:00,smartmeter,,,712.0,,
2022-09-13T13:03:00+09:00,smartmeter,,,,4.5,3.1
2022-09-13T13:05:00+09:00,smartmeter,,,,4.6,3.1
2022-09-13T13:06:00+09:00,smartmeter,,,,4.5,3.1
2022-09-13T13:06:00+09:00,smartmeter,,,740.0,,
2022-09-13T13:07:00+09:00,smartmeter,,,,4.5,3.3
2022-09-13T13:08:00+09:00,smartmeter,,,,4.5,3.1
2022-09-13T13:09:00+09:00,smartmeter,,,,4.5,3.1
2022-09-13T13:09:00+09:00,smartmeter,,,,4.6,3.2
2022-09-13T13:11:00+09:00,smartmeter,,,728.0,,
2022-09-13T13:12:00+09:00,smartmeter,,,720.0,,
2022-09-13T13:13:00+09:00,smartmeter,,,,4.5,3.1
2022-09-13T13:14:00+09:00,smartmeter,,,,4.5,3.4
2022-09-13T13:15:00+09:00,smartmeter,,,,4.5,3.2
2022-09-13T13:15:00+09:00,smartmeter,,,,4.5,3.1
2022-09-13T13:16:00+09:00,smartmeter,,,,4.5,3.1
2022-09-13T13:17:00+09:00,smartmeter,,,,4.5,3.1
2022-09-13T13:18:00+09:00,smartmeter,,,,4.6,3.1
2022-09-13T13:18:00+09:00,smartmeter,,,736.0,,
2022-09-13T13:19:00+09:00,smartmeter,,,,4.6,3.1
2022-09-13T13:20:00+09:00,smartmeter,,,,4.5,3.1
2022-09-13T13:21:00+09:00,smartmeter,,,,4.5,3.1
2022-09-13T13:21:00+09:00,smartmeter,,,,4.5,3.1
2022-09-13T13:22:00+09:00,smartmeter,,,,4.5,3.1
2022-09-13T13:23:00+09:00,smartmeter,,,720.0,,
2022-09-13T13:23:00+09:00,smartmeter,,,,6.3,3.1
2022-09-13T13:24:00+09:00,smartmeter,,,,6.2,3.1
2022-09-13T13:25:00+09:00,smartmeter,,,,6.2,3.1
2022-09-13T13:26:00+09:00,smartmeter,,,,6.3,3.4
2022-09-13T13:26:00+09:00,smartmeter,,,,6.2,3.2
2022-09-13T13:27:00+09:00,smartmeter,,,,6.2,3.1
2022-09-13T13:29:00+09:00,smartmeter,,,924.0,,
2022-09-13T13:29:00+09:00,smartmeter,,,928.0,,
2022-09-13T13:30:00+09:00,smartmeter,,,,6.2,3.1
2022-09-13T13:30:00+09:00,smartmeter,,1885.7,,,
2022-09-13T13:31:00+09:00,smartmeter,,,,6.2,3.1
2022-09-13T13:32:00+09:00,smartmeter,,,924.0,,
2022-09-13T13:32:00+09:00,smartmeter,,,,6.2,3.1
2022-09-13T13:33:00+09:00,smartmeter,,,,6.2,3.1
2022-09-13T13:34:00+09:00,smartmeter,,,924.0,,
2022-09-13T13:35:00+09:00,smartmeter,,,,6.2,3.4
2022-09-13T13:35:00+09:00,smartmeter,,,,6.2,3.1
2022-09-13T13:36:00+09:00,smartmeter,,,,6.2,3.1
2022-09-13T13:37:00+09:00,smartmeter,,,,6.2,3.1
2022-09-13T13:38:00+09:00,smartmeter,,,924.0,,
2022-09-13T13:38:00+09:00,smartmeter,,,,6.3,3.2
2022-09-13T13:38:00+09:00,smartmeter,,,,6.2,3.2
2022-09-13T13:39:00+09:00,smartmeter,,,,6.2,3.2
2022-09-13T13:40:00+09:00,smartmeter,,,,6.2,3.2
2022-09-13T13:40:00+09:00,smartmeter,,,,6.2,3.1
2022-09-13T13:41:00+09:00,smartmeter,,,,6.2,3.1
2022-09-13T13:42:00+09:00,smartmeter,,,932.0,,
2022-09-13T13:43:00+09:00,smartmeter,,,,6.3,3.3
2022-09-13T13:43:00+09:00,smartmeter,,,740.0,,
2022-09-13T13:44:00+09:00,smartmeter,,,,4.5,3.1
2022-09-13T13:45:00+09:00,smartmeter,,,720.0,,
2022-09-13T13:46:00+09:00,smartmeter,,,,4.5,3.1
2022-09-13T13:46:00+09:00,smartmeter,,,,7.4,3.1
2022-09-13T13:47:00+09:00,smartmeter,,,1380.0,,
2022-09-13T13:48:00+09:00,smartmeter,,,,7.2,3.1
2022-09-13T13:49:00+09:00,smartmeter,,,,7.2,3.1
2022-09-13T13:49:00+09:00,smartmeter,,,,7.4,3.1
2022-09-13T13:50:00+09:00,smartmeter,,,988.0,,
2022-09-13T13:52:00+09:00,smartmeter,,,,7.6,3.1
2022-09-13T13:52:00+09:00,smartmeter,,,,7.6,3.3
2022-09-13T13:54:00+09:00,smartmeter,,,,7.5,3.1
2022-09-13T13:55:00+09:00,smartmeter,,,,7.5,3.1
2022-09-13T13:55:00+09:00,smartmeter,,,,7.5,3.1
2022-09-13T13:57:00+09:00,smartmeter,,,,7.4,3.1
2022-09-13T13:58:00+09:00,smartmeter,,,,7.3,3.1
2022-09-13T13:58:00+09:00,smartmeter,,,,7.4,3.1
2022-09-13T13:59:00+09:00,smartmeter,,,976.0,,
2022-09-13T14:00:00+09:00,smartmeter,,,,7.4,3.1
2022-09-13T14:00:00+09:00,smartmeter,,1886.16,,,
2022-09-13T14:01:00+09:00,smartmeter,,,,7.4,3.1
2022-09-13T14:01:00+09:00,smartmeter,,,,7.4,3.1
2022-09-13T14:02:00+09:00,smartmeter,,,984.0,,
2022-09-13T14:03:00+09:00,smartmeter,,,,7.4,3.1
2022-09-13T14:03:00+09:00,smartmeter,,,,7.4,3.1
2022-09-13T14:04:00+09:00,smartmeter,,,,7.3,3.1
2022-09-13T14:05:00+09:00,smartmeter,,,976.0,,
2022-09-13T14:06:00+09:00,smartmeter,,,,7.4,3.1
2022-09-13T14:07:00+09:00,smartmeter,,,,7.3,3.1
2022-09-13T14:08:00+09:00,smartmeter,,,980.0,,
2022-09-13T14:09:00+09:00,smartmeter,,,976.0,,
2022-09-13T14:09:00+09:00,smartmeter,,,,7.3,3.4
2022-09-13T14:10:00+09:00,smartmeter,,,992.0,,
2022-09-13T14:11:00+09:00,smartmeter,,,,7.3,3.1
2022-09-13T14:12:00+09:00,smartmeter,,,972.0,,
2022-09-13T14:12:00+09:00,smartmeter,,,,7.3,3.1
2022-09-13T14:13:00+09:00,smartmeter,,,,7.3,3.1
2022-09-13T14:14:00+09:00,smartmeter,,,,7.3,3.1
2022-09-13T14:15:00+09:00,smartmeter,,,976.0,,
2022-09-13T14:15:00+09:00,smartmeter,,,,7.3,3.1
2022-09-13T14:16:00+09:00,smartmeter,,,,7.3,3.1
2022-09-13T14:17:00+09:00,smartmeter,,,,7.4,3.1
2022-09-13T14:18:00+09:00,smartmeter,,,,7.3,3.1
2022-09-13T14:18:00+09:00,smartmeter,,,972.0,,
2022-09-13T14:19:00+09:00,smartmeter,,,,7.4,3.1
2022-09-13T14:21:00+09:00,smartmeter,,,,7.3,3.1
2022-09-13T14:21:00+09:00,smartmeter,,,,7.3,3.1
2022-09-13T14:22:00+09:00,smartmeter,,,,7.3,3.1
2022-09-13T14:23:00+09:00,smartmeter,,,,7.3,3.1
2022-09-13T14:23:00+09:00,smartmeter,,,,7.4,3.1
2022-09-13T14:24:00+09:00,smartmeter,,,,7.4,3.1
2022-09-13T14:25:00+09:00,smartmeter,,,972.0,,
2022-09-13T14:26:00+09:00,smartmeter,,,,7.4,3.1
2022-09-13T14:26:00+09:00,smartmeter,,,,7.4,3.1
2022-09-13T14:27:00+09:00,smartmeter,,,,7.2,3.1
2022-09-13T14:28:00+09:00,smartmeter,,,,7.3,3.2
2022-09-13T14:29:00+09:00,smartmeter,,,,7.3,3.3
2022-09-13T14:29:00+09:00,smartmeter,,,,7.4,3.1
2022-09-13T14:30:00+09:00,smartmeter,,,,7.4,3.1
2022-09-13T14:30:00+09:00,smartmeter,,1886.65,,,
2022-09-13T14:31:00+09:00,smartmeter,,,,7.3,7.1
2022-09-13T14:32:00+09:00,smartmeter,,,,7.3,3.1
2022-09-13T14:32:00+09:00,smartmeter,,,,7.3,3.2
2022-09-13T14:33:00+09:00,smartmeter,,,,4.5,3.2
2022-09-13T14:34:00+09:00,smartmeter,,,,4.5,3.2
2022-09-13T14:35:00+09:00,smartmeter,,,,4.5,3.2
2022-09-13T14:35:00+09:00,smartmeter,,,,4.5,3.2
2022-09-13T14:36:00+09:00,smartmeter,,,,4.6,3.1
2022-09-13T14:37:00+09:00,smartmeter,,,,4.5,3.4
2022-09-13T14:38:00+09:00,smartmeter,,,736.0,,
2022-09-13T14:38:00+09:00,smartmeter,,,720.0,,
2022-09-13T14:39:00+09:00,smartmeter,,,,4.6,3.1
2022-09-13T14:40:00+09:00,smartmeter,,,720.0,,
2022-09-13T14:40:00+09:00,smartmeter,,,,4.5,3.1
2022-09-13T14:41:00+09:00,smartmeter,,,,4.6,3.1
2022-09-13T14:42:00+09:00,smartmeter,,,,4.5,3.2
2022-09-13T14:43:00+09:00,smartmeter,,,,4.2,3.2
2022-09-13T14:43:00+09:00,smartmeter,,,,4.2,3.2
2022-09-13T14:44:00+09:00,smartmeter,,,,4.2,3.2
2022-09-13T14:45:00+09:00,smartmeter,,,,4.2,3.2
2022-09-13T14:46:00+09:00,smartmeter,,,692.0,,
2022-09-13T14:46:00+09:00,smartmeter,,,,4.2,3.2
2022-09-13T14:47:00+09:00,smartmeter,,,,4.2,3.1
2022-09-13T14:48:00+09:00,smartmeter,,,,4.2,3.1
2022-09-13T14:49:00+09:00,smartmeter,,,,4.2,3.1
2022-09-13T14:49:00+09:00,smartmeter,,,,4.2,3.1
2022-09-13T14:52:00+09:00,smartmeter,,,,4.6,3.8
2022-09-13T14:52:00+09:00,smartmeter,,,,4.6,3.8
2022-09-13T14:53:00+09:00,smartmeter,,,,4.3,3.7
2022-09-13T14:54:00+09:00,smartmeter,,,784.0,,
2022-09-13T14:55:00+09:00,smartmeter,,,,4.6,3.7
2022-09-13T14:55:00+09:00,smartmeter,,,,4.3,3.7
2022-09-13T14:56:00+09:00,smartmeter,,,,4.7,3.8
2022-09-13T14:57:00+09:00,smartmeter,,,780.0,,
2022-09-13T14:58:00+09:00,smartmeter,,,,4.6,3.6
2022-09-13T14:58:00+09:00,smartmeter,,,,4.4,3.6
2022-09-13T14:59:00+09:00,smartmeter,,,740.0,,
2022-09-13T15:00:00+09:00,smartmeter,,,744.0,,
2022-09-13T15:00:00+09:00,smartmeter,,1887.03,,,
2022-09-13T15:00:00+09:00,smartmeter,,,,4.6,3.6
2022-09-13T15:03:00+09:00,smartmeter,,,772.0,,
2022-09-13T15:03:00+09:00,smartmeter,,,,4.5,3.6
2022-09-13T15:04:00+09:00,smartmeter,,,,4.6,3.7
2022-09-13T15:05:00+09:00,smartmeter,,,,4.6,3.6
2022-09-13T15:06:00+09:00,smartmeter,,,,4.6,3.6
2022-09-13T15:06:00+09:00,smartmeter,,,740.0,,
2022-09-13T15:07:00+09:00,smartmeter,,,,4.3,3.2
2022-09-13T15:08:00+09:00,smartmeter,,,700.0,,
2022-09-13T15:09:00+09:00,smartmeter,,,,4.3,3.3
2022-09-13T15:09:00+09:00,smartmeter,,,,4.3,3.2
2022-09-13T15:10:00+09:00,smartmeter,,,,4.3,3.2
2022-09-13T15:11:00+09:00,smartmeter,,,,4.3,3.4
2022-09-13T15:12:00+09:00,smartmeter,,,,4.3,3.2
2022-09-13T15:12:00+09:00,smartmeter,,,,4.3,3.2
2022-09-13T15:13:00+09:00,smartmeter,,,,4.3,3.2
2022-09-13T15:14:00+09:00,smartmeter,,,700.0,,
2022-09-13T15:15:00+09:00,smartmeter,,,,4.3,3.3
2022-09-13T15:15:00+09:00,smartmeter,,,692.0,,
2022-09-13T15:15:00+09:00,smartmeter,,,,4.3,3.1
2022-09-13T15:16:00+09:00,smartmeter,,,,4.3,3.1
2022-09-13T15:17:00+09:00,smartmeter,,,656.0,,
2022-09-13T15:17:00+09:00,smartmeter,,,,4.0,3.1
2022-09-13T15:18:00+09:00,smartmeter,,,,7.7,3.1
2022-09-13T15:18:00+09:00,smartmeter,,,,12.8,3.2
2022-09-13T15:19:00+09:00,smartmeter,,,652.0,,
2022-09-13T15:20:00+09:00,smartmeter,,,,3.9,3.1
2022-09-13T15:20:00+09:00,smartmeter,,,,3.9,3.1
2022-09-13T15:21:00+09:00,smartmeter,,,,3.9,3.1
2022-09-13T15:22:00+09:00,smartmeter,,,,3.9,3.1
2022-09-13T15:23:00+09:00,smartmeter,,,,3.9,3.2
2022-09-13T15:23:00+09:00,smartmeter,,,,3.9,3.2
2022-09-13T15:24:00+09:00,smartmeter,,,,12.6,3.1
2022-09-13T15:25:00+09:00,smartmeter,,,,3.7,3.1
2022-09-13T15:26:00+09:00,smartmeter,,,,3.7,3.1
2022-09-13T15:26:00+09:00,smartmeter,,,,11.5,3.1
2022-09-13T15:27:00+09:00,smartmeter,,,,3.7,3.1
2022-09-13T15:28:00+09:00,smartmeter,,,,3.8,3.1
2022-09-13T15:29:00+09:00,smartmeter,,,656.0,,
2022-09-13T15:29:00+09:00,smartmeter,,,,3.7,3.1
2022-09-13T15:30:00+09:00,smartmeter,,,684.0,,
2022-09-13T15:30:00+09:00,smartmeter,,1887.42,,,
2022-09-13T15:31:00+09:00,smartmeter,,,,4.3,3.1
2022-09-13T15:32:00+09:00,smartmeter,,,,4.3,3.1
2022-09-13T15:32:00+09:00,smartmeter,,,,4.3,3.1
2022-09-13T15:33:00+09:00,smartmeter,,,,6.9,3.3
2022-09-13T15:34:00+09:00,smartmeter,,,912.0,,
2022-09-13T15:35:00+09:00,smartmeter,,,,19.3,3.1
2022-09-13T15:35:00+09:00,smartmeter,,,,10.5,3.1
2022-09-13T15:36:00+09:00,smartmeter,,,,9.0,3.1
2022-09-13T15:37:00+09:00,smartmeter,,,,16.1,3.1
2022-09-13T15:37:00+09:00,smartmeter,,,1924.0,,
2022-09-13T15:38:00+09:00,smartmeter,,,,16.2,3.1
2022-09-13T15:39:00+09:00,smartmeter,,,,6.8,3.1
2022-09-13T15:40:00+09:00,smartmeter,,,,15.4,3.4
2022-09-13T15:40:00+09:00,smartmeter,,,,15.8,3.3
2022-09-13T15:41:00+09:00,smartmeter,,,1916.0,,
2022-09-13T15:42:00+09:00,smartmeter,,,,6.8,3.3
2022-09-13T15:43:00+09:00,smartmeter,,,,9.0,3.3
2022-09-13T15:43:00+09:00,smartmeter,,,1948.0,,
2022-09-13T15:44:00+09:00,smartmeter,,,964.0,,
2022-09-13T15:45:00+09:00,smartmeter,,,,7.3,3.1
2022-09-13T15:46:00+09:00,smartmeter,,,,7.1,3.1
2022-09-13T15:46:00+09:00,smartmeter,,,,7.0,3.3
2022-09-13T15:47:00+09:00,smartmeter,,,,15.7,3.1
2022-09-13T15:48:00+09:00,smartmeter,,,2056.0,,
2022-09-13T15:49:00+09:00,smartmeter,,,,16.5,3.1
2022-09-13T15:49:00+09:00,smartmeter,,,924.0,,
2022-09-13T15:50:00+09:00,smartmeter,,,,10.0,3.1
2022-09-13T15:51:00+09:00,smartmeter,,,,16.6,3.1
2022-09-13T15:52:00+09:00,smartmeter,,,,6.9,3.3
2022-09-13T15:52:00+09:00,smartmeter,,,952.0,,
2022-09-13T15:53:00+09:00,smartmeter,,,1044.0,,
2022-09-13T15:54:00+09:00,smartmeter,,,,7.3,3.1
2022-09-13T15:54:00+09:00,smartmeter,,,,6.8,3.1
2022-09-13T15:55:00+09:00,smartmeter,,,936.0,,
2022-09-13T15:56:00+09:00,smartmeter,,,,7.3,3.1
2022-09-13T15:57:00+09:00,smartmeter,,,,7.1,3.1
2022-09-13T15:57:00+09:00,smartmeter,,,,6.9,3.1
2022-09-13T15:58:00+09:00,smartmeter,,,,7.3,3.1
2022-09-13T15:59:00+09:00,smartmeter,,,,7.3,3.1
2022-09-13T16:00:00+09:00,smartmeter,,,924.0,,
2022-09-13T16:00:00+09:00,smartmeter,,1888.05,,,
2022-09-13T16:00:00+09:00,smartmeter,,,,7.1,3.1
2022-09-13T16:01:00+09:00,smartmeter,,,,7.0,3.1
2022-09-13T16:02:00+09:00,smartmeter,,,,7.3,3.2
2022-09-13T16:03:00+09:00,smartmeter,,,,7.3,3.3
2022-09-13T16:03:00+09:00,smartmeter,,,,7.0,3.1
2022-09-13T16:04:00+09:00,smartmeter,,,,6.9,3.1
2022-09-13T16:05:00+09:00,smartmeter,,,920.0,,
2022-09-13T16:06:00+09:00,smartmeter,,,,7.0,3.1
2022-09-13T16:06:00+09:00,smartmeter,,,,7.0,3.1
2022-09-13T16:07:00+09:00,smartmeter,,,,7.0,3.1
2022-09-13T16:08:00+09:00,smartmeter,,,,7.0,3.1
2022-09-13T16:09:00+09:00,smartmeter,,,,7.0,3.2
2022-09-13T16:09:00+09:00,smartmeter,,,,7.0,3.4
2022-09-13T16:10:00+09:00,smartmeter,,,,7.0,3.4
2022-09-13T16:11:00+09:00,smartmeter,,,932.0,,
2022-09-13T16:11:00+09:00,smartmeter,,,,7.0,3.1
2022-09-13T16:12:00+09:00,smartmeter,,,948.0,,
2022-09-13T16:12:00+09:00,smartmeter,,,,7.2,3.1
2022-09-13T16:13:00+09:00,smartmeter,,,924.0,,
2022-09-13T16:14:00+09:00,smartmeter,,,,7.3,3.1
2022-09-13T16:14:00+09:00,smartmeter,,,,7.0,3.1
2022-09-13T16:15:00+09:00,smartmeter,,,,7.3,3.1
2022-09-13T16:16:00+09:00,smartmeter,,,924.0,,
2022-09-13T16:17:00+09:00,smartmeter,,,924.0,,
2022-09-13T16:18:00+09:00,smartmeter,,,956.0,,
2022-09-13T16:19:00+09:00,smartmeter,,,,7.0,3.1
2022-09-13T16:20:00+09:00,smartmeter,,,928.0,,
2022-09-13T16:20:00+09:00,smartmeter,,,,7.0,3.1
2022-09-13T16:21:00+09:00,smartmeter,,,,7.0,3.1
2022-09-13T16:22:00+09:00,smartmeter,,,,7.0,3.1
2022-09-13T16:23:00+09:00,smartmeter,,,,7.0,3.1
2022-09-13T16:23:00+09:00,smartmeter,,,,7.0,3.2
2022-09-13T16:24:00+09:00,smartmeter,,,928.0,,
2022-09-13T16:25:00+09:00,smartmeter,,,928.0,,
2022-09-13T16:26:00+09:00,smartmeter,,,,4.3,3.1
2022-09-13T16:26:00+09:00,smartmeter,,,,4.3,3.1
2022-09-13T16:27:00+09:00,smartmeter,,,,4.3,3.3
2022-09-13T16:28:00+09:00,smartmeter,,,,4.3,3.4
2022-09-13T16:29:00+09:00,smartmeter,,,,4.3,3.4
2022-09-13T16:29:00+09:00,smartmeter,,,708.0,,
2022-09-13T16:30:00+09:00,smartmeter,,1888.5,,,
2022-09-13T16:31:00+09:00,smartmeter,,,700.0,,
2022-09-13T16:31:00+09:00,smartmeter,,,,4.3,3.1
2022-09-13T16:32:00+09:00,smartmeter,,,,4.4,3.1
2022-09-13T16:33:00+09:00,smartmeter,,,,4.2,4.0
2022-09-13T16:34:00+09:00,smartmeter,,,,4.8,4.0
2022-09-13T16:34:00+09:00,smartmeter,,,,4.5,4.0
2022-09-13T16:35:00+09:00,smartmeter,,,,4.6,4.0
2022-09-13T16:36:00+09:00,smartmeter,,,,4.3,4.0
2022-09-13T16:37:00+09:00,smartmeter,,,,4.3,4.0
2022-09-13T16:37:00+09:00,smartmeter,,,,4.3,4.2
2022-09-13T16:38:00+09:00,smartmeter,,,784.0,,
2022-09-13T16:39:00+09:00,smartmeter,,,,4.3,4.0
2022-09-13T16:40:00+09:00,smartmeter,,,,4.2,4.0
2022-09-13T16:40:00+09:00,smartmeter,,,,4.3,4.0
2022-09-13T16:41:00+09:00,smartmeter,,,,4.3,4.0
2022-09-13T16:42:00+09:00,smartmeter,,,,4.3,4.0
2022-09-13T16:43:00+09:00,smartmeter,,,776.0,,
2022-09-13T16:43:00+09:00,smartmeter,,,,4.3,4.0
2022-09-13T16:44:00+09:00,smartmeter,,,,4.3,4.0
2022-09-13T16:45:00+09:00,smartmeter,,,,4.3,4.0
2022-09-13T16:46:00+09:00,smartmeter,,,,4.2,4.0
2022-09-13T16:46:00+09:00,smartmeter,,,776.0,,
2022-09-13T16:47:00+09:00,smartmeter,,,,4.3,3.1
2022-09-13T16:48:00+09:00,smartmeter,,,712.0,,
2022-09-13T16:48:00+09:00,smartmeter,,,672.0,,
2022-09-13T16:49:00+09:00,smartmeter,,,,4.5,3.1
2022-09-13T16:50:00+09:00,smartmeter,,,,4.3,3.1
2022-09-13T16:51:00+09:00,smartmeter,,,,4.4,3.0
2022-09-13T16:51:00+09:00,smartmeter,,,668.0,,
2022-09-13T16:52:00+09:00,smartmeter,,,,4.3,3.1
2022-09-13T16:53:00+09:00,smartmeter,,,,4.3,3.0
2022-09-13T16:54:00+09:00,smartmeter,,,,4.3,3.2
2022-09-13T16:54:00+09:00,smartmeter,,,,4.3,3.2
2022-09-13T16:55:00+09:00,smartmeter,,,,4.3,3.2
2022-09-13T16:56:00+09:00,smartmeter,,,,4.3,3.1
2022-09-13T16:57:00+09:00,smartmeter,,,680.0,,
2022-09-13T16:57:00+09:00,smartmeter,,,676.0,,
2022-09-13T16:58:00+09:00,smartmeter,,,,4.3,3.1
2022-09-13T16:59:00+09:00,smartmeter,,,,4.2,3.1
2022-09-13T17:00:00+09:00,smartmeter,,1888.87,,,
2022-09-13T17:01:00+09:00,smartmeter,,,,4.3,3.1
2022-09-13T17:02:00+09:00,smartmeter,,,,4.3,3.1
2022-09-13T17:03:00+09:00,smartmeter,,,,4.3,3.1
2022-09-13T17:03:00+09:00,smartmeter,,,,4.5,3.1
2022-09-13T17:04:00+09:00,smartmeter,,,,4.5,3.1
2022-09-13T17:05:00+09:00,smartmeter,,,,4.5,3.1
2022-09-13T17:06:00+09:00,smartmeter,,,,4.3,3.1
2022-09-13T17:06:00+09:00,smartmeter,,,,4.3,3.1
2022-09-13T17:07:00+09:00,smartmeter,,,672.0,,
2022-09-13T17:08:00+09:00,smartmeter,,,,4.4,3.1
2022-09-13T17:08:00+09:00,smartmeter,,,,4.3,3.1
2022-09-13T17:09:00+09:00,smartmeter,,,,4.5,3.1
2022-09-13T17:10:00+09:00,smartmeter,,,,4.3,7.1
2022-09-13T17:11:00+09:00,smartmeter,,,,4.3,3.1
2022-09-13T17:11:00+09:00,smartmeter,,,,4.3,3.1
2022-09-13T17:12:00+09:00,smartmeter,,,676.0,,
2022-09-13T17:13:00+09:00,smartmeter,,,,4.3,3.2
2022-09-13T17:14:00+09:00,smartmeter,,,,4.2,3.1
2022-09-13T17:14:00+09:00,smartmeter,,,,4.2,3.1
2022-09-13T17:15:00+09:00,smartmeter,,,684.0,,
2022-09-13T17:16:00+09:00,smartmeter,,,668.0,,
2022-09-13T17:17:00+09:00,smartmeter,,,668.0,,
2022-09-13T17:17:00+09:00,smartmeter,,,,4.1,3.1
2022-09-13T17:18:00+09:00,smartmeter,,,660.0,,
2022-09-13T17:19:00+09:00,smartmeter,,,,4.1,3.1
2022-09-13T17:20:00+09:00,smartmeter,,,,4.1,3.1
2022-09-13T17:20:00+09:00,smartmeter,,,,4.1,3.1
2022-09-13T17:21:00+09:00,smartmeter,,,,4.0,3.3
2022-09-13T17:22:00+09:00,smartmeter,,,,4.0,3.3
2022-09-13T17:22:00+09:00,smartmeter,,,,4.0,3.2
2022-09-13T17:23:00+09:00,smartmeter,,,,4.2,3.1
2022-09-13T17:24:00+09:00,smartmeter,,,,4.1,3.1
2022-09-13T17:25:00+09:00,smartmeter,,,,4.3,3.1
2022-09-13T17:25:00+09:00,smartmeter,,,888.0,,
2022-09-13T17:26:00+09:00,smartmeter,,,,6.6,3.1
2022-09-13T17:27:00+09:00,smartmeter,,,,6.6,3.3
2022-09-13T17:28:00+09:00,smartmeter,,,,5.4,3.1
2022-09-13T17:28:00+09:00,smartmeter,,,,5.4,3.1
2022-09-13T17:29:00+09:00,smartmeter,,,,5.4,3.1
2022-09-13T17:30:00+09:00,smartmeter,,,,5.5,3.1
2022-09-13T17:30:00+09:00,smartmeter,,1889.22,,,
2022-09-13T17:31:00+09:00,smartmeter,,,,5.5,3.1
2022-09-13T17:31:00+09:00,smartmeter,,,,5.4,3.1
2022-09-13T17:32:00+09:00,smartmeter,,,796.0,,
2022-09-13T17:34:00+09:00,smartmeter,,,,5.7,3.1
2022-09-13T17:34:00+09:00,smartmeter,,,,5.7,3.3
2022-09-13T17:36:00+09:00,smartmeter,,,,5.5,3.3
2022-09-13T17:37:00+09:00,smartmeter,,,,5.5,3.4
2022-09-13T17:37:00+09:00,smartmeter,,,,6.4,3.1
2022-09-13T17:38:00+09:00,smartmeter,,,932.0,,
2022-09-13T17:39:00+09:00,smartmeter,,,,6.9,3.2
2022-09-13T17:40:00+09:00,smartmeter,,,,6.8,3.2
2022-09-13T17:40:00+09:00,smartmeter,,,,6.3,3.5
2022-09-13T17:41:00+09:00,smartmeter,,,,6.3,3.3
2022-09-13T17:42:00+09:00,smartmeter,,,,6.6,3.3
2022-09-13T17:42:00+09:00,smartmeter,,,,6.7,3.3
2022-09-13T17:43:00+09:00,smartmeter,,,,7.1,3.3
2022-09-13T17:44:00+09:00,smartmeter,,,,8.3,4.2
2022-09-13T17:45:00+09:00,smartmeter,,,,10.1,6.7
2022-09-13T17:45:00+09:00,smartmeter,,,,11.4,7.9
2022-09-13T17:46:00+09:00,smartmeter,,,2028.0,,
2022-09-13T17:46:00+09:00,smartmeter,,,,12.9,9.1
2022-09-13T17:47:00+09:00,smartmeter,,,2372.0,,
2022-09-13T17:48:00+09:00,smartmeter,,,,14.7,11.1
2022-09-13T17:48:00+09:00,smartmeter,,,,14.7,11.3
2022-09-13T17:49:00+09:00,smartmeter,,,2436.0,,
2022-09-13T17:50:00+09:00,smartmeter,,,,14.5,11.0
2022-09-13T17:51:00+09:00,smartmeter,,,1724.0,,
2022-09-13T17:51:00+09:00,smartmeter,,,,13.5,8.4
2022-09-13T17:52:00+09:00,smartmeter,,,,14.5,7.9
2022-09-13T17:53:00+09:00,smartmeter,,,,14.0,7.9
2022-09-13T17:54:00+09:00,smartmeter,,,,14.0,8.0
2022-09-13T17:54:00+09:00,smartmeter,,,2088.0,,
2022-09-13T17:54:00+09:00,smartmeter,,,,14.0,8.0
2022-09-13T17:55:00+09:00,smartmeter,,,,16.2,10.9
2022-09-13T17:56:00+09:00,smartmeter,,,,12.9,7.4
2022-09-13T17:57:00+09:00,smartmeter,,,,12.8,7.6
2022-09-13T17:57:00+09:00,smartmeter,,,,12.9,7.5
2022-09-13T17:58:00+09:00,smartmeter,,,,12.8,7.4
2022-09-13T17:59:00+09:00,smartmeter,,,,12.8,8.3
2022-09-13T18:00:00+09:00,smartmeter,,,,13.0,8.3
2022-09-13T18:00:00+09:00,smartmeter,,,,13.1,8.3
2022-09-13T18:00:00+09:00,smartmeter,,1889.96,,,
2022-09-13T18:01:00+09:00,smartmeter,,,2008.0,,
2022-09-13T18:02:00+09:00,smartmeter,,,,12.9,8.3
2022-09-13T18:02:00+09:00,smartmeter,,,,12.8,8.3
2022-09-13T18:03:00+09:00,smartmeter,,,,12.8,8.3
2022-09-13T18:04:00+09:00,smartmeter,,,,12.4,7.6
2022-09-13T18:05:00+09:00,smartmeter,,,,11.9,7.5
2022-09-13T18:05:00+09:00,smartmeter,,,,11.9,7.5
2022-09-13T18:06:00+09:00,smartmeter,,,,12.2,7.6
2022-09-13T18:07:00+09:00,smartmeter,,,1944.0,,
2022-09-13T18:08:00+09:00,smartmeter,,,,12.3,7.6
2022-09-13T18:09:00+09:00,smartmeter,,,,12.1,7.1
2022-09-13T18:10:00+09:00,smartmeter,,,,12.3,7.2
2022-09-13T18:11:00+09:00,smartmeter,,,,12.1,7.0
2022-09-13T18:12:00+09:00,smartmeter,,,,12.1,7.0
2022-09-13T18:12:00+09:00,smartmeter,,,,12.3,7.1
2022-09-13T18:13:00+09:00,smartmeter,,,,12.7,7.1
2022-09-13T18:14:00+09:00,smartmeter,,,,12.3,7.0
2022-09-13T18:15:00+09:00,smartmeter,,,,12.6,6.9
2022-09-13T18:15:00+09:00,smartmeter,,,1552.0,,
2022-09-13T18:16:00+09:00,smartmeter,,,,9.1,6.7
2022-09-13T18:17:00+09:00,smartmeter,,,,8.7,6.6
2022-09-13T18:17:00+09:00,smartmeter,,,,8.5,6.4
2022-09-13T18:18:00+09:00,smartmeter,,,,8.3,6.2
2022-09-13T18:19:00+09:00,smartmeter,,,,8.0,6.0
2022-09-13T18:20:00+09:00,smartmeter,,,,8.0,5.9
2022-09-13T18:20:00+09:00,smartmeter,,,,8.3,5.7
2022-09-13T18:21:00+09:00,smartmeter,,,,7.9,5.7
2022-09-13T18:22:00+09:00,smartmeter,,,,7.8,5.7
2022-09-13T18:23:00+09:00,smartmeter,,,1340.0,,
2022-09-13T18:23:00+09:00,smartmeter,,,,7.9,5.6
2022-09-13T18:24:00+09:00,smartmeter,,,,7.9,5.8
2022-09-13T18:25:00+09:00,smartmeter,,,,8.7,6.2
2022-09-13T18:26:00+09:00,smartmeter,,,,9.1,6.9
2022-09-13T18:26:00+09:00,smartmeter,,,,8.8,6.8
2022-09-13T18:27:00+09:00,smartmeter,,,,9.2,6.8
2022-09-13T18:28:00+09:00,smartmeter,,,,8.9,8.1
2022-09-13T18:29:00+09:00,smartmeter,,,1660.0,,
2022-09-13T18:29:00+09:00,smartmeter,,,1716.0,,
2022-09-13T18:30:00+09:00,smartmeter,,,,8.9,8.1
2022-09-13T18:30:00+09:00,smartmeter,,1890.8,,,
2022-09-13T18:31:00+09:00,smartmeter,,,,8.7,8.6
2022-09-13T18:32:00+09:00,smartmeter,,,,8.9,8.6
2022-09-13T18:32:00+09:00,smartmeter,,,,8.7,8.5
2022-09-13T18:33:00+09:00,smartmeter,,,,9.1,8.4
2022-09-13T18:34:00+09:00,smartmeter,,,1712.0,,
2022-09-13T18:35:00+09:00,smartmeter,,,1680.0,,
2022-09-13T18:35:00+09:00,smartmeter,,,,9.2,8.4
2022-09-13T18:36:00+09:00,smartmeter,,,,9.4,8.5
2022-09-13T18:37:00+09:00,smartmeter,,,,9.0,8.9
2022-09-13T18:38:00+09:00,smartmeter,,,,8.8,7.9
2022-09-13T18:39:00+09:00,smartmeter,,,,8.5,7.4
2022-09-13T18:40:00+09:00,smartmeter,,,,8.4,7.4
2022-09-13T18:40:00+09:00,smartmeter,,,,8.6,7.4
2022-09-13T18:42:00+09:00,smartmeter,,,1536.0,,
2022-09-13T18:43:00+09:00,smartmeter,,,,8.3,7.3
2022-09-13T18:44:00+09:00,smartmeter,,,,8.6,8.0
2022-09-13T18:45:00+09:00,smartmeter,,,,11.7,7.8
2022-09-13T18:46:00+09:00,smartmeter,,,,17.6,7.8
2022-09-13T18:46:00+09:00,smartmeter,,,,18.0,7.9
2022-09-13T18:47:00+09:00,smartmeter,,,2420.0,,
2022-09-13T18:47:00+09:00,smartmeter,,,,17.9,7.9
2022-09-13T18:48:00+09:00,smartmeter,,,,17.8,7.8
2022-09-13T18:49:00+09:00,smartmeter,,,,18.0,7.7
2022-09-13T18:49:00+09:00,smartmeter,,,,17.9,7.7
2022-09-13T18:50:00+09:00,smartmeter,,,,18.0,7.9
2022-09-13T18:51:00+09:00,smartmeter,,,2408.0,,
2022-09-13T18:52:00+09:00,smartmeter,,,,18.0,7.6
2022-09-13T18:53:00+09:00,smartmeter,,,2408.0,,
2022-09-13T18:54:00+09:00,smartmeter,,,,17.9,7.6
2022-09-13T18:54:00+09:00,smartmeter,,,,17.4,7.7
2022-09-13T18:55:00+09:00,smartmeter,,,2380.0,,
2022-09-13T18:56:00+09:00,smartmeter,,,,17.3,7.5
2022-09-13T18:57:00+09:00,smartmeter,,,,17.1,7.2
2022-09-13T18:57:00+09:00,smartmeter,,,,17.0,7.2
2022-09-13T18:58:00+09:00,smartmeter,,,,17.4,7.2
2022-09-13T18:59:00+09:00,smartmeter,,,,16.5,7.2
2022-09-13T19:00:00+09:00,smartmeter,,,,16.8,7.2
2022-09-13T19:00:00+09:00,smartmeter,,1891.8,,,
2022-09-13T19:00:00+09:00,smartmeter,,,,16.7,7.1
2022-09-13T19:01:00+09:00,smartmeter,,,2272.0,,
2022-09-13T19:02:00+09:00,smartmeter,,,2236.0,,
2022-09-13T19:03:00+09:00,smartmeter,,,,17.0,7.4
2022-09-13T19:03:00+09:00,smartmeter,,,,16.8,7.2
2022-09-13T19:04:00+09:00,smartmeter,,,,17.4,7.4
2022-09-13T19:05:00+09:00,smartmeter,,,2368.0,,
2022-09-13T19:06:00+09:00,smartmeter,,,,18.0,7.7
2022-09-13T19:06:00+09:00,smartmeter,,,,17.7,7.7
2022-09-13T19:07:00+09:00,smartmeter,,,,18.1,7.7
2022-09-13T19:08:00+09:00,smartmeter,,,,18.2,7.7
2022-09-13T19:09:00+09:00,smartmeter,,,,18.1,7.7
2022-09-13T19:09:00+09:00,smartmeter,,,2408.0,,
2022-09-13T19:10:00+09:00,smartmeter,,,,18.2,7.7
2022-09-13T19:11:00+09:00,smartmeter,,,,17.5,7.6
2022-09-13T19:12:00+09:00,smartmeter,,,,17.1,7.7
2022-09-13T19:13:00+09:00,smartmeter,,,,16.9,7.7
2022-09-13T19:14:00+09:00,smartmeter,,,2376.0,,
2022-09-13T19:14:00+09:00,smartmeter,,,,18.9,7.6
2022-09-13T19:15:00+09:00,smartmeter,,,,21.8,7.0
2022-09-13T19:16:00+09:00,smartmeter,,,2604.0,,
2022-09-13T19:17:00+09:00,smartmeter,,,,20.1,7.1
2022-09-13T19:17:00+09:00,smartmeter,,,,20.1,7.0
2022-09-13T19:18:00+09:00,smartmeter,,,2516.0,,
2022-09-13T19:19:00+09:00,smartmeter,,,2492.0,,
2022-09-13T19:19:00+09:00,smartmeter,,,,20.0,7.0
2022-09-13T19:20:00+09:00,smartmeter,,,,19.5,7.0
2022-09-13T19:20:00+09:00,smartmeter,,,,19.5,7.0
2022-09-13T19:21:00+09:00,smartmeter,,,,19.6,7.0
2022-09-13T19:22:00+09:00,smartmeter,,,2412.0,,
2022-09-13T19:23:00+09:00,smartmeter,,,,18.7,7.1
2022-09-13T19:23:00+09:00,smartmeter,,,,19.0,7.1
2022-09-13T19:24:00+09:00,smartmeter,,,,18.8,7.1
2022-09-13T19:25:00+09:00,smartmeter,,,,19.1,7.0
2022-09-13T19:26:00+09:00,smartmeter,,,2468.0,,
2022-09-13T19:26:00+09:00,smartmeter,,,2444.0,,
2022-09-13T19:27:00+09:00,smartmeter,,,,19.1,6.7
2022-09-13T19:28:00+09:00,smartmeter,,,,18.9,6.7
2022-09-13T19:29:00+09:00,smartmeter,,,2408.0,,
2022-09-13T19:30:00+09:00,smartmeter,,,,19.6,6.3
2022-09-13T19:30:00+09:00,smartmeter,,1892.99,,,
2022-09-13T19:31:00+09:00,smartmeter,,,,20.6,6.2
2022-09-13T19:31:00+09:00,smartmeter,,,2520.0,,
2022-09-13T19:32:00+09:00,smartmeter,,,,21.0,6.6
2022-09-13T19:33:00+09:00,smartmeter,,,,20.9,6.6
2022-09-13T19:34:00+09:00,smartmeter,,,,28.6,6.6
2022-09-13T19:34:00+09:00,smartmeter,,,,27.1,6.7
2022-09-13T19:35:00+09:00,smartmeter,,,,26.6,6.6
2022-09-13T19:36:00+09:00,smartmeter,,,3136.0,,
2022-09-13T19:36:00+09:00,smartmeter,,,,26.6,6.6
2022-09-13T19:37:00+09:00,smartmeter,,,,19.2,6.5
2022-09-13T19:37:00+09:00,smartmeter,,,2324.0,,
2022-09-13T19:38:00+09:00,smartmeter,,,,18.6,6.5
2022-09-13T19:39:00+09:00,smartmeter,,,,17.8,6.7
2022-09-13T19:40:00+09:00,smartmeter,,,2064.0,,
2022-09-13T19:40:00+09:00,smartmeter,,,,16.5,5.4
2022-09-13T19:41:00+09:00,smartmeter,,,1992.0,,
2022-09-13T19:42:00+09:00,smartmeter,,,,16.3,5.3
2022-09-13T19:43:00+09:00,smartmeter,,,2160.0,,
2022-09-13T19:43:00+09:00,smartmeter,,,2180.0,,
2022-09-13T19:44:00+09:00,smartmeter,,,,17.7,6.4
2022-09-13T19:45:00+09:00,smartmeter,,,,17.5,6.4
2022-09-13T19:46:00+09:00,smartmeter,,,,17.9,6.7
2022-09-13T19:46:00+09:00,smartmeter,,,2584.0,,
2022-09-13T19:46:00+09:00,smartmeter,,,,17.9,10.0
2022-09-13T19:47:00+09:00,smartmeter,,,,17.7,6.5
2022-09-13T19:48:00+09:00,smartmeter,,,2204.0,,
2022-09-13T19:48:00+09:00,smartmeter,,,,17.7,6.4
2022-09-13T19:49:00+09:00,smartmeter,,,2232.0,,
2022-09-13T19:50:00+09:00,smartmeter,,,,17.5,6.5
2022-09-13T19:51:00+09:00,smartmeter,,,,17.7,6.5
2022-09-13T19:51:00+09:00,smartmeter,,,,17.6,6.5
2022-09-13T19:52:00+09:00,smartmeter,,,,16.4,5.3
2022-09-13T19:53:00+09:00,smartmeter,,,,16.5,5.3
2022-09-13T19:54:00+09:00,smartmeter,,,,16.4,5.3
2022-09-13T19:54:00+09:00,smartmeter,,,1980.0,,
2022-09-13T19:55:00+09:00,smartmeter,,,,16.1,5.4
2022-09-13T19:56:00+09:00,smartmeter,,,,17.4,6.4
2022-09-13T19:57:00+09:00,smartmeter,,,,17.5,6.3
2022-09-13T19:57:00+09:00,smartmeter,,,,17.6,6.3
2022-09-13T19:58:00+09:00,smartmeter,,,,17.8,6.5
2022-09-13T19:59:00+09:00,smartmeter,,,,17.6,6.4
2022-09-13T20:00:00+09:00,smartmeter,,,,18.0,6.6
2022-09-13T20:00:00+09:00,smartmeter,,,,17.8,6.5
2022-09-13T20:00:00+09:00,smartmeter,,1894.15,,,
2022-09-13T20:01:00+09:00,smartmeter,,,,17.9,6.5
2022-09-13T20:02:00+09:00,smartmeter,,,,17.7,6.5
2022-09-13T20:03:00+09:00,smartmeter,,,2200.0,,
2022-09-13T20:03:00+09:00,smartmeter,,,,17.7,6.5
2022-09-13T20:04:00+09:00,smartmeter,,,2196.0,,
2022-09-13T20:05:00+09:00,smartmeter,,,,14.9,6.5
2022-09-13T20:05:00+09:00,smartmeter,,,1924.0,,
2022-09-13T20:06:00+09:00,smartmeter,,,1972.0,,
2022-09-13T20:07:00+09:00,smartmeter,,,,13.3,5.2
2022-09-13T20:08:00+09:00,smartmeter,,,,12.7,5.2
2022-09-13T20:08:00+09:00,smartmeter,,,,12.5,5.2
2022-09-13T20:09:00+09:00,smartmeter,,,,12.6,5.2
2022-09-13T20:10:00+09:00,smartmeter,,,,12.4,5.8
2022-09-13T20:11:00+09:00,smartmeter,,,,13.4,6.2
2022-09-13T20:11:00+09:00,smartmeter,,,,12.8,6.2
2022-09-13T20:12:00+09:00,smartmeter,,,,12.1,6.2
2022-09-13T20:13:00+09:00,smartmeter,,,1768.0,,
2022-09-13T20:14:00+09:00,smartmeter,,,,12.8,6.3
2022-09-13T20:14:00+09:00,smartmeter,,,,12.6,6.2
2022-09-13T20:15:00+09:00,smartmeter,,,,12.6,6.2
2022-09-13T20:16:00+09:00,smartmeter,,,,12.1,6.2
2022-09-13T20:17:00+09:00,smartmeter,,,1652.0,,
2022-09-13T20:17:00+09:00,smartmeter,,,,11.2,6.1
2022-09-13T20:18:00+09:00,smartmeter,,,1556.0,,
2022-09-13T20:19:00+09:00,smartmeter,,,,10.7,6.1
2022-09-13T20:20:00+09:00,smartmeter,,,,10.8,6.1
2022-09-13T20:20:00+09:00,smartmeter,,,,11.2,6.1
2022-09-13T20:21:00+09:00,smartmeter,,,,10.4,6.1
2022-09-13T20:22:00+09:00,smartmeter,,,,10.3,6.1
2022-09-13T20:22:00+09:00,smartmeter,,,,8.5,5.0
2022-09-13T20:23:00+09:00,smartmeter,,,,9.2,4.8
2022-09-13T20:24:00+09:00,smartmeter,,,,8.4,4.8
2022-09-13T20:25:00+09:00,smartmeter,,,,8.3,4.8
2022-09-13T20:25:00+09:00,smartmeter,,,,7.9,4.7
2022-09-13T20:26:00+09:00,smartmeter,,,1376.0,,
2022-09-13T20:27:00+09:00,smartmeter,,,,8.5,5.9
2022-09-13T20:28:00+09:00,smartmeter,,,,8.9,6.0
2022-09-13T20:28:00+09:00,smartmeter,,,,8.8,6.1
2022-09-13T20:29:00+09:00,smartmeter,,,,8.6,6.0
2022-09-13T20:30:00+09:00,smartmeter,,,,8.9,5.9
2022-09-13T20:30:00+09:00,smartmeter,,1894.99,,,
2022-09-13T20:31:00+09:00,smartmeter,,,,8.6,5.9
2022-09-13T20:31:00+09:00,smartmeter,,,,8.9,5.9
2022-09-13T20:32:00+09:00,smartmeter,,,,8.6,5.9
2022-09-13T20:33:00+09:00,smartmeter,,,,8.5,6.0
2022-09-13T20:34:00+09:00,smartmeter,,,,8.6,6.0
2022-09-13T20:34:00+09:00,smartmeter,,,1340.0,,
2022-09-13T20:35:00+09:00,smartmeter,,,,7.6,4.6
2022-09-13T20:36:00+09:00,smartmeter,,,1072.0,,
2022-09-13T20:37:00+09:00,smartmeter,,,1292.0,,
2022-09-13T20:37:00+09:00,smartmeter,,,,6.8,4.6
2022-09-13T20:38:00+09:00,smartmeter,,,,7.0,4.6
2022-09-13T20:39:00+09:00,smartmeter,,,,8.7,5.5
2022-09-13T20:40:00+09:00,smartmeter,,,,8.7,5.7
2022-09-13T20:40:00+09:00,smartmeter,,,,8.4,5.7
2022-09-13T20:41:00+09:00,smartmeter,,,,8.8,6.1
2022-09-13T20:42:00+09:00,smartmeter,,,,8.4,5.8
2022-09-13T20:42:00+09:00,smartmeter,,,,8.3,5.7
2022-09-13T20:43:00+09:00,smartmeter,,,,9.2,5.7
2022-09-13T20:44:00+09:00,smartmeter,,,,8.3,5.7
2022-09-13T20:45:00+09:00,smartmeter,,,,8.7,5.6
2022-09-13T20:45:00+09:00,smartmeter,,,,8.5,5.6
2022-09-13T20:46:00+09:00,smartmeter,,,,8.8,5.7
2022-09-13T20:47:00+09:00,smartmeter,,,,8.4,5.7
2022-09-13T20:48:00+09:00,smartmeter,,,,8.7,5.9
2022-09-13T20:48:00+09:00,smartmeter,,,,7.3,4.7
2022-09-13T20:49:00+09:00,smartmeter,,,1076.0,,
2022-09-13T20:50:00+09:00,smartmeter,,,,7.0,4.5
2022-09-13T20:51:00+09:00,smartmeter,,,,7.3,4.5
2022-09-13T20:51:00+09:00,smartmeter,,,,6.9,4.4
2022-09-13T20:52:00+09:00,smartmeter,,,,8.1,5.4
2022-09-13T20:53:00+09:00,smartmeter,,,,8.1,5.7
2022-09-13T20:54:00+09:00,smartmeter,,,,8.2,5.7
2022-09-13T20:54:00+09:00,smartmeter,,,,8.4,5.7
2022-09-13T20:55:00+09:00,smartmeter,,,,8.5,5.6
2022-09-13T20:56:00+09:00,smartmeter,,,,8.3,5.6
2022-09-13T20:57:00+09:00,smartmeter,,,,8.3,5.6
2022-09-13T20:57:00+09:00,smartmeter,,,1296.0,,
2022-09-13T20:57:00+09:00,smartmeter,,,,8.3,5.6
2022-09-13T20:58:00+09:00,smartmeter,,,1304.0,,
2022-09-13T20:59:00+09:00,smartmeter,,,,8.3,5.5
2022-09-13T20:59:00+09:00,smartmeter,,,,8.3,5.5
2022-09-13T21:00:00+09:00,smartmeter,,,,8.8,5.5
2022-09-13T21:00:00+09:00,smartmeter,,1895.63,,,
2022-09-13T21:01:00+09:00,smartmeter,,,,8.3,5.7
2022-09-13T21:02:00+09:00,smartmeter,,,,8.7,5.7
2022-09-13T21:02:00+09:00,smartmeter,,,,8.4,5.5
2022-09-13T21:03:00+09:00,smartmeter,,,1308.0,,
2022-09-13T21:04:00+09:00,smartmeter,,,,8.3,5.5
2022-09-13T21:05:00+09:00,smartmeter,,,,10.1,4.2
2022-09-13T21:06:00+09:00,smartmeter,,,,9.9,4.1
2022-09-13T21:07:00+09:00,smartmeter,,,1248.0,,
2022-09-13T21:08:00+09:00,smartmeter,,,,9.9,4.1
2022-09-13T21:08:00+09:00,smartmeter,,,,10.6,5.1
2022-09-13T21:09:00+09:00,smartmeter,,,,10.7,5.3
2022-09-13T21:10:00+09:00,smartmeter,,,,11.0,5.4
2022-09-13T21:11:00+09:00,smartmeter,,,,10.9,5.4
2022-09-13T21:11:00+09:00,smartmeter,,,,11.0,5.4
2022-09-13T21:12:00+09:00,smartmeter,,,,10.9,5.3
2022-09-13T21:13:00+09:00,smartmeter,,,,11.1,5.4
2022-09-13T21:14:00+09:00,smartmeter,,,1528.0,,
2022-09-13T21:15:00+09:00,smartmeter,,,,11.0,5.3
2022-09-13T21:16:00+09:00,smartmeter,,,,11.0,5.3
2022-09-13T21:17:00+09:00,smartmeter,,,,11.1,5.3
2022-09-13T21:17:00+09:00,smartmeter,,,1504.0,,
2022-09-13T21:18:00+09:00,smartmeter,,,,11.2,5.4
2022-09-13T21:19:00+09:00,smartmeter,,,,11.6,5.3
2022-09-13T21:20:00+09:00,smartmeter,,,,11.2,5.3
2022-09-13T21:20:00+09:00,smartmeter,,,,11.5,5.4
2022-09-13T21:21:00+09:00,smartmeter,,,,11.2,5.4
2022-09-13T21:22:00+09:00,smartmeter,,,,11.5,5.4
2022-09-13T21:22:00+09:00,smartmeter,,,1620.0,,
2022-09-13T21:23:00+09:00,smartmeter,,,,11.5,5.4
2022-09-13T21:24:00+09:00,smartmeter,,,1304.0,,
2022-09-13T21:25:00+09:00,smartmeter,,,1348.0,,
2022-09-13T21:25:00+09:00,smartmeter,,,,9.6,4.2
2022-09-13T21:26:00+09:00,smartmeter,,,,9.6,4.1
2022-09-13T21:27:00+09:00,smartmeter,,,,9.6,4.1
2022-09-13T21:28:00+09:00,smartmeter,,,,10.7,5.1
2022-09-13T21:28:00+09:00,smartmeter,,,,11.0,5.2
2022-09-13T21:29:00+09:00,smartmeter,,,,10.9,5.2
2022-09-13T21:30:00+09:00,smartmeter,,,,10.9,5.4
2022-09-13T21:30:00+09:00,smartmeter,,1896.34,,,
2022-09-13T21:31:00+09:00,smartmeter,,,,10.9,5.3
2022-09-13T21:31:00+09:00,smartmeter,,,,11.0,5.5
2022-09-13T21:32:00+09:00,smartmeter,,,,11.0,5.3
2022-09-13T21:33:00+09:00,smartmeter,,,1528.0,,
2022-09-13T21:34:00+09:00,smartmeter,,,1556.0,,
2022-09-13T21:34:00+09:00,smartmeter,,,1536.0,,
2022-09-13T21:35:00+09:00,smartmeter,,,,10.6,5.3
2022-09-13T21:36:00+09:00,smartmeter,,,,10.8,5.3
2022-09-13T21:36:00+09:00,smartmeter,,,,10.0,4.3
2022-09-13T21:37:00+09:00,smartmeter,,,,11.8,4.1
2022-09-13T21:38:00+09:00,smartmeter,,,1480.0,,
2022-09-13T21:39:00+09:00,smartmeter,,,,11.4,4.0
2022-09-13T21:39:00+09:00,smartmeter,,,,10.9,3.5
2022-09-13T21:40:00+09:00,smartmeter,,,,12.3,4.4
2022-09-13T21:41:00+09:00,smartmeter,,,,12.0,4.5
2022-09-13T21:42:00+09:00,smartmeter,,,,12.0,4.4
2022-09-13T21:42:00+09:00,smartmeter,,,1560.0,,
2022-09-13T21:43:00+09:00,smartmeter,,,1552.0,,
2022-09-13T21:44:00+09:00,smartmeter,,,,11.5,4.6
2022-09-13T21:45:00+09:00,smartmeter,,,,11.6,4.3
2022-09-13T21:45:00+09:00,smartmeter,,,,11.4,4.3
2022-09-13T21:46:00+09:00,smartmeter,,,,9.7,4.3
2022-09-13T21:47:00+09:00,smartmeter,,,,9.7,4.3
2022-09-13T21:48:00+09:00,smartmeter,,,,8.6,4.3
2022-09-13T21:48:00+09:00,smartmeter,,,,11.4,4.2
2022-09-13T21:49:00+09:00,smartmeter,,,,14.2,4.2
2022-09-13T21:50:00+09:00,smartmeter,,,,11.5,4.3
2022-09-13T21:51:00+09:00,smartmeter,,,,11.4,4.5
2022-09-13T21:51:00+09:00,smartmeter,,,1268.0,,
2022-09-13T21:51:00+09:00,smartmeter,,,,10.3,3.1
2022-09-13T21:52:00+09:00,smartmeter,,,,11.7,3.1
2022-09-13T21:54:00+09:00,smartmeter,,,,11.6,3.1
2022-09-13T21:54:00+09:00,smartmeter,,,,12.4,4.0
2022-09-13T21:55:00+09:00,smartmeter,,,,12.7,4.1
2022-09-13T21:56:00+09:00,smartmeter,,,1312.0,,
2022-09-13T21:57:00+09:00,smartmeter,,,,9.4,4.3
2022-09-13T21:58:00+09:00,smartmeter,,,,9.3,4.2
2022-09-13T21:59:00+09:00,smartmeter,,,,9.2,4.3
2022-09-13T22:00:00+09:00,smartmeter,,,1260.0,,
2022-09-13T22:00:00+09:00,smartmeter,,,,9.1,4.3
2022-09-13T22:00:00+09:00,smartmeter,,1897.07,,,
2022-09-13T22:02:00+09:00,smartmeter,,,,7.0,4.3
2022-09-13T22:03:00+09:00,smartmeter,,,,7.2,4.4
2022-09-13T22:04:00+09:00,smartmeter,,,,9.8,4.5
2022-09-13T22:05:00+09:00,smartmeter,,,,7.2,4.3
2022-09-13T22:05:00+09:00,smartmeter,,,,6.9,4.3
2022-09-13T22:06:00+09:00,smartmeter,,,,7.7,4.3
2022-09-13T22:07:00+09:00,smartmeter,,,1668.0,,
2022-09-13T22:07:00+09:00,smartmeter,,,,13.4,4.3
2022-09-13T22:08:00+09:00,smartmeter,,,,11.4,4.3
2022-09-13T22:08:00+09:00,smartmeter,,,,11.2,4.3
2022-09-13T22:09:00+09:00,smartmeter,,,1412.0,,
2022-09-13T22:09:00+09:00,smartmeter,,,,10.7,4.3
2022-09-13T22:10:00+09:00,smartmeter,,,,10.2,4.3
2022-09-13T22:13:00+09:00,smartmeter,,,,8.6,3.1
2022-09-13T22:14:00+09:00,smartmeter,,,,8.5,3.1
2022-09-13T22:14:00+09:00,smartmeter,,,,8.8,3.1
2022-09-13T22:15:00+09:00,smartmeter,,,,10.2,4.0
2022-09-13T22:17:00+09:00,smartmeter,,,,9.4,4.1
2022-09-13T22:17:00+09:00,smartmeter,,,,9.6,4.3
2022-09-13T22:18:00+09:00,smartmeter,,,,9.3,4.3
2022-09-13T22:21:00+09:00,smartmeter,,,,9.0,4.3
2022-09-13T22:22:00+09:00,smartmeter,,,,6.8,4.4
2022-09-13T22:23:00+09:00,smartmeter,,,,6.8,4.3
2022-09-13T22:24:00+09:00,smartmeter,,,,6.9,4.3
2022-09-13T22:24:00+09:00,smartmeter,,,,6.8,4.5
2022-09-13T22:25:00+09:00,smartmeter,,,,6.9,4.3
2022-09-13T22:26:00+09:00,smartmeter,,,,6.7,4.3
2022-09-13T22:27:00+09:00,smartmeter,,,,7.0,4.4
2022-09-13T22:28:00+09:00,smartmeter,,,,7.2,4.4
2022-09-13T22:29:00+09:00,smartmeter,,,,6.9,4.4
2022-09-13T22:30:00+09:00,smartmeter,,,1088.0,,
2022-09-13T22:30:00+09:00,smartmeter,,1897.71,,,
2022-09-13T22:30:00+09:00,smartmeter,,,1072.0,,
2022-09-13T22:31:00+09:00,smartmeter,,,1232.0,,
2022-09-13T22:32:00+09:00,smartmeter,,,,6.7,4.5
2022-09-13T22:33:00+09:00,smartmeter,,,,6.7,4.3
2022-09-13T22:33:00+09:00,smartmeter,,,,6.7,4.2
2022-09-13T22:34:00+09:00,smartmeter,,,,6.8,4.2
2022-09-13T22:36:00+09:00,smartmeter,,,852.0,,
2022-09-13T22:36:00+09:00,smartmeter,,,,5.5,3.1
2022-09-13T22:37:00+09:00,smartmeter,,,,5.6,3.1
2022-09-13T22:38:00+09:00,smartmeter,,,,5.6,3.7
2022-09-13T22:39:00+09:00,smartmeter,,,,5.6,3.1
2022-09-13T22:39:00+09:00,smartmeter,,,,6.7,4.3
2022-09-13T22:40:00+09:00,smartmeter,,,,6.6,4.3
2022-09-13T22:41:00+09:00,smartmeter,,,,6.8,4.3
2022-09-13T22:41:00+09:00,smartmeter,,,,6.8,4.5
2022-09-13T22:42:00+09:00,smartmeter,,,1108.0,,
2022-09-13T22:43:00+09:00,smartmeter,,,,6.9,4.4
2022-09-13T22:44:00+09:00,smartmeter,,,,7.0,4.4
2022-09-13T22:44:00+09:00,smartmeter,,,,6.7,4.4
2022-09-13T22:45:00+09:00,smartmeter,,,1072.0,,
2022-09-13T22:45:00+09:00,smartmeter,,,,6.7,4.4
2022-09-13T22:46:00+09:00,smartmeter,,,,6.7,4.4
2022-09-13T22:47:00+09:00,smartmeter,,,,6.9,4.6
2022-09-13T22:47:00+09:00,smartmeter,,,,7.0,4.4
2022-09-13T22:48:00+09:00,smartmeter,,,,7.1,4.4
2022-09-13T22:49:00+09:00,smartmeter,,,,7.1,4.4
2022-09-13T22:50:00+09:00,smartmeter,,,,7.3,4.4
2022-09-13T22:50:00+09:00,smartmeter,,,,7.6,4.4
2022-09-13T22:57:00+09:00,smartmeter,,,1328.0,,
2022-09-13T22:57:00+09:00,smartmeter,,,,9.4,4.6
2022-09-13T23:30:00+09:00,smartmeter,,1898.89,,,
2022-09-13T23:33:00+09:00,smartmeter,,,,8.5,3.1
2022-09-13T23:33:00+09:00,smartmeter,,,1272.0,,
2022-09-13T23:34:00+09:00,smartmeter,,,,9.5,4.1
2022-09-13T23:35:00+09:00,smartmeter,,,1168.0,,
2022-09-13T23:37:00+09:00,smartmeter,,,,10.0,4.7
2022-09-13T23:48:00+09:00,smartmeter,,,1140.0,,
2022-09-13T23:48:00+09:00,smartmeter,,,,7.9,4.3
2022-09-13T23:49:00+09:00,smartmeter,,,,7.8,4.3
2022-09-13T23:50:00+09:00,smartmeter,,,,4.9,4.2
2022-09-13T23:51:00+09:00,smartmeter,,,,5.0,4.2
2022-09-13T23:51:00+09:00,smartmeter,,,,4.9,4.2
2022-09-13T23:52:00+09:00,smartmeter,,,,4.9,4.2
2022-09-13T23:53:00+09:00,smartmeter,,,,5.0,4.2
2022-09-13T23:54:00+09:00,smartmeter,,,,4.9,4.4
2022-09-13T23:54:00+09:00,smartmeter,,,,4.9,4.2
2022-09-13T23:55:00+09:00,smartmeter,,,,4.9,4.2
2022-09-13T23:56:00+09:00,smartmeter,,,,3.8,3.1
2022-09-13T23:57:00+09:00,smartmeter,,,656.0,,
2022-09-13T23:57:00+09:00,smartmeter,,,,3.8,3.2
2022-09-13T23:58:00+09:00,smartmeter,,,,3.7,3.2
2022-09-13T23:59:00+09:00,smartmeter,,,,4.0,3.4
